,Age,NHLid,Position,GP,G,A,PTS,+/-,TOI/GP,IPP%,PTS/GP,Seasons
0,28,8476805,LW,1,0,0,0,0,8.57,0.0,0.0,1
1,29,8471716,LW/RW,64,7,14,21,-20,16.65,61.8,0.328125,10
2,23,8476857,LW,15,1,1,2,-2,12.33,40.0,0.13333333333333333,1
3,25,8478569,C,29,2,3,5,3,10.23,55.6,0.1724137931034483,2
4,24,8475844,LW,7,1,2,3,0,12.78,75.0,0.42857142857142855,3
5,19,8478427,RW/LW,82,24,25,49,-1,16.78,69.0,0.5975609756097561,1
6,28,8473991,D,82,3,10,13,23,19.8,21.0,0.15853658536585366,9
7,22,8476981,RW,78,17,12,29,12,12.02,69.0,0.3717948717948718,3
8,20,8478397,D,1,0,0,0,-1,18.55,0.0,0.0,1
9,25,8476404,C,36,0,2,2,-2,10.6,33.3,0.05555555555555555,3
10,23,8477413,RW,46,7,17,24,1,13.97,85.7,0.5217391304347826,3
11,28,8473573,C,64,22,23,45,9,17.85,66.2,0.703125,9
12,24,8476326,RW,10,3,0,3,3,10.87,50.0,0.3,2
13,23,8476469,RW,57,10,9,19,-8,15.13,67.9,0.3333333333333333,3
14,23,8478042,LW/RW,80,31,30,61,16,17.15,71.8,0.7625,3
15,22,8476960,C,64,18,11,29,-7,13.47,72.5,0.453125,2
16,27,8474715,RW,82,35,27,62,13,18.08,69.7,0.7560975609756098,6
17,23,8477041,D,5,0,0,0,0,16.08,0.0,0.0,1
18,27,8479483,D,25,2,2,4,1,15.6,30.8,0.16,1
19,32,8470655,C,74,17,21,38,2,17.05,58.5,0.5135135135135135,11
20,27,8474150,C,81,22,31,53,9,17.6,67.1,0.654320987654321,9
21,29,8473563,C,82,23,63,86,17,18.27,84.3,1.048780487804878,10
22,24,8476466,LW,68,18,17,35,-6,15.88,67.3,0.5147058823529411,6
23,25,8478376,C,7,0,0,0,-1,8.0,0.0,0.0,1
24,27,8474573,C,82,13,43,56,5,18.37,62.2,0.6829268292682927,9
25,21,8477473,RW,32,2,2,4,0,10.63,36.4,0.125,2
26,21,8477491,RW,14,3,1,4,1,9.23,66.7,0.2857142857142857,1
27,21,8477964,C,30,5,7,12,5,11.78,75.0,0.4,1
28,22,8477003,RW,3,0,0,0,0,8.58,0.0,0.0,1
29,26,8474717,D,60,2,11,13,-5,18.27,32.5,0.21666666666666667,5
30,21,8477493,C,61,21,31,52,13,19.4,74.3,0.8524590163934426,4
31,25,8475197,D,74,7,31,38,-34,23.3,60.3,0.5135135135135135,6
32,28,8474749,D,24,1,1,2,-4,15.38,15.4,0.08333333333333333,7
33,19,8478445,C,2,0,0,0,-2,9.75,0.0,0.0,1
34,29,8471760,C,9,0,0,0,-1,6.77,0.0,0.0,1
35,31,8474291,C,81,13,17,30,20,13.63,73.2,0.37037037037037035,9
36,36,8467400,D,81,5,13,18,-14,21.52,32.1,0.2222222222222222,13
37,24,8476470,D,74,4,24,28,8,19.48,35.9,0.3783783783783784,5
38,19,8478463,C,66,9,15,24,1,13.02,61.5,0.36363636363636365,1
39,25,8475192,LW,5,0,0,0,-3,8.82,0.0,0.0,1
40,28,8473492,LW,49,3,5,8,-10,13.17,47.1,0.16326530612244897,9
41,31,8477930,C,82,4,4,8,-1,12.97,38.1,0.0975609756097561,3
42,27,8473994,LW,77,26,43,69,-9,19.37,80.2,0.8961038961038961,8
43,29,8474818,D,71,4,13,17,-4,18.28,43.6,0.23943661971830985,6
44,25,8475761,RW/LW,65,8,11,19,-3,13.72,70.4,0.2923076923076923,5
45,20,8477935,C,81,13,13,26,-16,14.98,65.0,0.32098765432098764,3
46,22,8476988,D,62,3,12,15,8,16.62,30.6,0.24193548387096775,1
47,31,8470638,C,79,21,32,53,12,19.33,53.5,0.6708860759493671,13
48,28,8473534,C,82,23,11,34,-7,15.98,68.0,0.4146341463414634,9
49,22,8477006,C,5,0,1,1,0,8.13,100.0,0.2,2
50,21,8477479,LW,7,0,0,0,-1,9.1,0.0,0.0,1
51,30,8471254,LW,11,1,0,1,-4,10.43,20.0,0.09090909090909091,1
52,28,8473415,D,36,0,3,3,-4,13.17,27.3,0.08333333333333333,3
53,35,8469598,D,81,3,11,14,0,18.75,25.0,0.1728395061728395,12
54,26,8475868,D,29,0,7,7,-1,11.8,46.7,0.2413793103448276,3
55,21,8477416,RW,26,6,7,13,4,14.08,56.5,0.5,2
56,24,8475760,C,54,7,7,14,-19,13.15,58.3,0.25925925925925924,5
57,22,8477010,C,27,3,6,9,-10,13.37,60.0,0.3333333333333333,2
58,21,8477320,LW,19,1,1,2,-2,8.78,66.7,0.10526315789473684,1
59,30,8471663,RW,2,0,0,0,0,8.12,0.0,0.0,10
60,27,8474571,LW/RW,81,10,16,26,0,14.27,54.2,0.32098765432098764,9
61,19,8478444,RW,9,4,1,5,0,16.22,62.5,0.5555555555555556,1
62,26,8474567,D,56,2,9,11,-17,20.08,32.4,0.19642857142857142,9
63,30,8471766,RW,51,0,3,3,-3,5.82,50.0,0.058823529411764705,10
64,28,8474009,C,80,18,19,37,-5,16.65,72.5,0.4625,8
65,27,8474697,D,70,1,2,3,-3,14.02,12.5,0.04285714285714286,6
66,27,8474145,D,38,1,3,4,11,14.08,17.4,0.10526315789473684,6
67,23,8476423,C,39,6,4,10,-6,11.73,58.8,0.2564102564102564,4
68,26,8474642,C,61,3,4,7,-2,11.35,38.9,0.11475409836065574,6
69,24,8475739,LW,19,2,1,3,-3,10.15,100.0,0.15789473684210525,3
70,26,8475268,LW/RW,6,0,0,0,0,11.2,0.0,0.0,6
71,35,8471504,RW/LW,65,12,6,18,-19,13.95,60.0,0.27692307692307694,1
72,33,8470151,D,81,1,14,15,6,22.4,21.1,0.18518518518518517,14
73,32,8470187,D,66,6,17,23,11,20.73,39.0,0.3484848484848485,10
74,32,8470619,C,75,13,12,25,3,13.0,55.6,0.3333333333333333,10
75,30,8475098,C,78,18,37,55,-1,16.45,62.5,0.7051282051282052,8
76,29,8473544,C,81,14,25,39,12,17.38,52.0,0.48148148148148145,10
77,29,8474027,D,81,4,9,13,1,19.98,27.1,0.16049382716049382,7
78,26,8474673,D,82,6,30,36,-16,23.58,46.2,0.43902439024390244,7
79,23,8476463,D,68,3,22,25,5,19.55,39.7,0.36764705882352944,5
80,32,8470803,C,69,8,7,15,2,11.2,55.6,0.21739130434782608,12
81,23,8477380,C,6,0,2,2,2,12.28,66.7,0.3333333333333333,1
82,31,8471426,RW,74,13,12,25,-11,16.22,46.3,0.33783783783783783,11
83,22,8477015,RW,82,20,16,36,3,16.1,53.7,0.43902439024390244,2
84,32,8470606,RW/LW,80,14,22,36,-4,16.0,65.5,0.45,13
85,26,8476806,RW,64,3,3,6,-7,10.37,54.5,0.09375,5
86,24,8477887,C,14,0,0,0,-6,9.72,0.0,0.0,1
87,21,8477402,RW/LW,41,8,12,20,6,13.25,58.8,0.4878048780487805,1
88,21,8477444,C,64,12,23,35,13,13.27,79.5,0.546875,3
89,28,8475982,D,2,0,0,0,-1,11.17,0.0,0.0,1
90,25,8475788,C,49,5,11,16,-7,13.35,66.7,0.32653061224489793,5
91,31,8470613,D,82,29,47,76,19,24.93,65.5,0.926829268292683,13
92,35,8470358,LW/RW,75,15,16,31,3,14.63,68.9,0.41333333333333333,12
93,30,8471761,D,1,0,0,0,0,21.47,0.0,0.0,9
94,31,8470834,D,80,13,39,52,10,27.45,47.3,0.65,12
95,27,8474038,C,81,22,21,43,21,15.07,71.7,0.5308641975308642,7
96,22,8479465,C,60,7,11,18,3,13.23,54.5,0.3,1
97,25,8475296,RW,4,0,0,0,0,6.82,0.0,0.0,1
98,31,8471339,RW,18,2,2,4,-4,14.15,57.1,0.2222222222222222,11
99,27,8474685,LW,65,10,5,15,-4,13.35,50.0,0.23076923076923078,7
100,34,8469500,C,61,10,21,31,-9,17.35,66.0,0.5081967213114754,14
101,37,8466285,D,80,5,12,17,12,18.43,23.9,0.2125,1
102,30,8476219,C,3,0,0,0,0,7.88,0.0,0.0,1
103,28,8474008,C,6,0,0,0,-2,10.48,0.0,0.0,4
104,32,8470640,D,6,0,1,1,-1,13.15,33.3,0.16666666666666666,1
105,20,8478443,D,82,6,10,16,9,20.72,22.2,0.1951219512195122,1
106,26,8474590,D,72,9,28,37,7,22.7,48.7,0.5138888888888888,8
107,19,8478506,D,2,0,1,1,-2,17.13,50.0,0.5,1
108,25,8477846,C,11,2,2,4,5,10.38,66.7,0.36363636363636365,2
109,25,8477901,LW,33,2,7,9,4,10.25,69.2,0.2727272727272727,2
110,22,8476941,D,67,2,6,8,8,16.35,14.5,0.11940298507462686,3
111,20,8478851,D,2,0,0,0,1,10.4,0.0,0.0,1
112,22,8477478,LW,41,5,3,8,-1,9.0,80.0,0.1951219512195122,1
113,31,8470604,C,82,32,34,66,2,18.03,77.6,0.8048780487804879,12
114,23,8476879,D,79,2,15,17,-11,23.2,30.4,0.21518987341772153,4
115,21,8477417,LW/RW,11,0,2,2,0,13.92,25.0,0.18181818181818182,1
116,19,8478469,D,1,0,0,0,-2,7.15,0.0,0.0,1
117,24,8475808,C,68,4,5,9,-12,11.02,56.3,0.1323529411764706,4
118,39,8465009,D,75,9,19,29,18,23.22,36.7,0.38666666666666666,19
119,25,8475279,D,59,2,10,12,2,15.32,34.3,0.2033898305084746,4
120,26,8475163,RW,81,12,12,24,-6,13.38,64.9,0.2962962962962963,5
121,37,8466251,LW/RW,82,20,13,33,1,13.05,68.8,0.4024390243902439,16
122,29,8471710,D,18,1,4,5,8,14.27,38.5,0.2777777777777778,7
123,18,8479345,D,68,7,13,20,-14,16.67,52.6,0.29411764705882354,1
124,25,8475231,C,59,8,17,25,9,13.9,75.8,0.423728813559322,6
125,24,8476368,D,33,3,8,11,5,13.13,78.6,0.3333333333333333,2
126,24,8476431,D,31,2,9,11,3,15.82,47.8,0.3548387096774194,3
127,25,8475160,C,73,6,6,12,-2,10.72,75.0,0.1643835616438356,7
128,29,8473504,RW,66,5,15,20,2,14.0,58.8,0.30303030303030304,10
129,31,8470601,D,80,5,7,12,-1,16.73,27.9,0.15,12
130,29,8471699,C,82,16,19,35,11,15.13,72.9,0.4268292682926829,10
131,26,8474577,C,62,4,4,8,-21,10.7,50.0,0.12903225806451613,1
132,27,8474013,D,81,5,21,26,26,19.82,32.9,0.32098765432098764,7
133,25,8476399,C,23,1,1,2,-7,12.85,100.0,0.08695652173913043,1
134,30,8471260,LW/RW,77,8,12,20,-19,14.97,57.1,0.2597402597402597,11
135,21,8477456,C,21,3,2,5,0,14.93,41.7,0.23809523809523808,1
136,27,8476195,C,11,1,3,4,0,11.57,80.0,0.36363636363636365,4
137,30,8473588,RW,13,0,0,0,-4,9.63,0.0,0.0,1
138,26,8475246,D,24,0,1,1,-1,13.13,10.0,0.041666666666666664,4
139,24,8475792,RW/LW,66,15,8,23,20,10.68,60.5,0.3484848484848485,6
140,20,8478398,LW,20,2,3,5,-7,12.22,62.5,0.25,1
141,22,8477429,C,64,9,8,17,8,12.35,65.4,0.265625,3
142,23,8476302,D,4,0,0,0,-1,10.77,0.0,0.0,5
143,23,8476393,C,60,6,10,16,-6,12.0,76.2,0.26666666666666666,3
144,27,8474053,C,73,25,27,52,11,17.63,72.2,0.7123287671232876,8
145,24,8476461,C,66,14,20,34,12,18.45,60.7,0.5151515151515151,6
146,24,8475745,C,82,18,38,56,13,16.7,70.9,0.6829268292682927,5
147,31,8471490,C,69,10,6,16,9,10.47,57.1,0.2318840579710145,7
148,24,8476390,C,59,4,6,10,0,9.95,66.7,0.1694915254237288,1
149,29,8471675,C,75,44,45,89,17,19.88,74.2,1.1866666666666668,12
150,19,8478474,LW,72,5,7,12,-20,11.88,66.7,0.16666666666666666,1
151,40,8464989,C,72,13,18,31,4,13.92,73.8,0.4305555555555556,19
152,24,8478512,C,49,5,8,13,-10,13.02,68.4,0.2653061224489796,1
153,25,8476403,D,43,2,4,6,-12,13.88,42.9,0.13953488372093023,3
154,33,8470110,D,56,5,14,19,7,20.38,32.2,0.3392857142857143,13
155,27,8474610,C,9,1,2,3,0,8.55,60.0,0.3333333333333333,7
156,23,8476479,C,82,13,27,40,5,15.58,76.9,0.4878048780487805,3
157,22,8477448,C,38,4,7,11,0,10.68,73.3,0.2894736842105263,3
158,21,8477460,C,24,2,1,3,-2,10.92,60.0,0.125,2
159,25,8475869,D,38,0,3,3,-2,15.72,15.0,0.07894736842105263,3
160,25,8475177,D,82,5,20,25,15,19.85,33.3,0.3048780487804878,5
161,21,8477455,LW,9,0,0,0,-3,10.9,0.0,0.0,3
162,22,8477520,C,1,0,0,0,0,11.3,0.0,0.0,1
163,21,8477950,D,39,5,9,14,-13,17.1,53.8,0.358974358974359,1
164,26,8477215,D,82,4,8,12,-22,21.93,21.8,0.14634146341463414,5
165,26,8474584,D,51,6,12,18,-5,19.5,47.4,0.35294117647058826,8
166,23,8476331,D,25,1,7,8,2,15.9,53.3,0.32,2
167,28,8474218,D,81,9,19,28,-14,19.62,45.2,0.345679012345679,8
168,30,8471976,C,49,6,8,14,4,12.47,53.8,0.2857142857142857,8
169,30,8471956,C,46,0,1,1,-6,9.4,10.0,0.021739130434782608,1
170,25,8475235,LW,42,0,2,2,-6,7.42,50.0,0.047619047619047616,4
171,25,8475155,D,1,0,0,0,0,16.13,0.0,0.0,1
172,23,8476858,LW,36,1,6,7,-12,12.3,63.6,0.19444444444444445,2
173,21,8477450,C,10,2,0,2,-3,11.78,100.0,0.2,2
174,27,8474018,C,3,0,0,0,0,11.02,0.0,0.0,1
175,26,8475455,D,81,2,8,10,-2,16.38,28.6,0.12345679012345678,6
176,40,8462038,RW/LW,74,6,21,27,-3,15.05,67.5,0.36486486486486486,1
177,21,8477503,C,59,9,29,38,-9,16.98,69.1,0.6440677966101694,2
178,24,8475820,RW,61,6,11,17,-5,13.68,60.7,0.2786885245901639,2
179,30,8473432,RW,14,1,3,4,-6,9.93,80.0,0.2857142857142857,9
180,22,8477009,D,35,0,11,11,10,18.43,44.0,0.3142857142857143,1
181,27,8474563,D,82,12,32,44,8,27.15,45.4,0.5365853658536586,9
182,26,8475343,C,70,6,16,22,-15,12.45,73.3,0.3142857142857143,2
183,26,8475413,C,9,0,2,2,0,10.47,66.7,0.2222222222222222,1
184,21,8477934,C,82,29,48,77,7,18.88,70.0,0.9390243902439024,3
185,21,8477494,LW,73,21,32,53,-13,17.7,71.6,0.726027397260274,3
186,30,8471273,C,80,12,29,41,16,17.9,63.1,0.5125,11
187,25,8475168,C,77,18,23,41,-34,18.28,75.9,0.5324675324675324,8
188,21,8477407,LW/RW,58,5,10,15,-7,13.3,50.0,0.25862068965517243,3
189,22,8476856,D,76,11,23,34,15,20.32,38.2,0.4473684210526316,4
190,26,8475254,C,39,2,2,4,1,9.67,50.0,0.10256410256410256,5
191,25,8475208,D,70,1,14,15,0,20.53,25.4,0.21428571428571427,4
192,20,8477989,C,78,15,18,33,7,15.62,64.7,0.4230769230769231,1
193,24,8476288,C,81,14,18,32,7,14.38,64.0,0.3950617283950617,2
194,25,8475236,C,60,3,9,12,-7,16.82,42.9,0.2,6
195,32,8470622,RW/LW,79,32,19,51,-2,16.42,62.2,0.6455696202531646,12
196,26,8474586,C,82,20,31,51,3,16.75,70.8,0.6219512195121951,7
197,30,8471303,D,68,6,15,21,-20,24.32,38.2,0.3088235294117647,11
198,23,8476441,D,69,3,12,15,11,17.77,34.1,0.21739130434782608,2
199,20,8477940,LW,82,25,39,64,1,17.48,77.1,0.7804878048780488,2
200,20,8478403,C,61,24,33,57,-13,19.92,78.1,0.9344262295081968,2
201,20,8477932,D,68,10,11,21,-23,21.47,42.0,0.3088235294117647,3
202,26,8475218,D,82,3,20,23,4,23.45,32.9,0.2804878048780488,6
203,25,8475171,D,79,12,27,39,-25,24.62,45.9,0.4936708860759494,7
204,21,8477461,LW,18,1,6,7,5,15.63,70.0,0.3888888888888889,1
205,27,8474189,C,81,12,13,25,15,13.9,56.8,0.30864197530864196,8
206,25,8475176,D,71,16,22,38,17,23.95,42.7,0.5352112676056338,6
207,30,8471296,D,76,2,8,10,1,21.32,22.2,0.13157894736842105,6
208,34,8468674,D,81,4,12,16,2,18.33,35.6,0.19753086419753085,8
209,20,8477971,D,5,0,0,0,-3,10.58,0.0,0.0,1
210,27,8474589,C,51,5,8,13,-10,12.83,56.5,0.2549019607843137,8
211,32,8470828,D,60,1,13,14,-7,21.9,25.0,0.23333333333333334,10
212,32,8470318,D,51,1,8,9,-2,19.22,25.0,0.17647058823529413,10
213,31,8470626,C,65,11,13,24,-9,18.67,54.5,0.36923076923076925,11
214,19,8478493,C,15,3,4,7,1,10.62,100.0,0.4666666666666667,1
215,21,8477454,LW,26,3,0,3,-9,11.8,60.0,0.11538461538461539,1
216,24,8475770,LW/RW,3,0,0,0,1,8.8,0.0,0.0,1
217,20,8477952,C,51,11,18,29,-16,15.62,67.4,0.5686274509803921,1
218,22,8476889,C,80,12,21,33,-6,16.17,66.0,0.4125,2
219,28,8473992,D,52,0,8,8,-3,13.7,42.1,0.15384615384615385,8
220,27,8476769,RW,3,0,0,0,0,8.27,0.0,0.0,1
221,21,8477392,RW,10,0,1,1,-1,10.42,100.0,0.1,2
222,25,8475855,RW/LW,68,6,15,21,6,13.8,58.3,0.3088235294117647,4
223,24,8475753,D,75,17,20,37,-18,23.13,52.9,0.49333333333333335,6
224,29,8471816,D,4,0,2,2,1,7.92,100.0,0.5,1
225,28,8476166,D,27,0,7,7,3,13.37,43.8,0.25925925925925924,4
226,31,8470611,C,53,6,5,11,2,10.93,61.1,0.20754716981132076,12
227,24,8475907,LW/RW,76,15,10,25,-1,11.57,67.6,0.32894736842105265,3
228,20,8477942,LW,54,11,5,16,1,13.52,69.6,0.2962962962962963,3
229,36,8469759,C,59,2,2,4,-15,11.55,33.3,0.06779661016949153,1
230,32,8470047,C,79,12,30,42,-1,17.4,65.6,0.5316455696202531,12
231,19,8478432,RW,7,3,0,3,0,12.33,100.0,0.42857142857142855,1
232,36,8467370,C,72,18,24,42,1,16.62,66.7,0.5833333333333334,17
233,28,8476808,C,51,6,4,10,2,12.07,50.0,0.19607843137254902,1
234,25,8475220,LW,80,13,10,23,-1,15.47,56.1,0.2875,6
235,29,8473422,LW/RW,79,26,25,51,-4,18.43,64.6,0.6455696202531646,10
236,25,8477850,D,51,2,6,8,10,14.93,25.8,0.1568627450980392,4
237,24,8475762,D,82,2,16,18,8,20.12,34.6,0.21951219512195122,2
238,20,8478417,C,1,0,0,0,0,8.42,0.0,0.0,1
239,22,8476887,C,82,31,27,58,-4,18.52,69.9,0.7073170731707317,5
240,20,8478055,D,38,2,3,5,3,14.82,25.0,0.13157894736842105,1
241,25,8475764,D,80,11,28,39,7,24.85,39.4,0.4875,7
242,29,8471742,D,68,3,16,19,-5,18.48,41.3,0.27941176470588236,8
243,23,8476924,RW,2,0,0,0,-3,8.33,0.0,0.0,1
244,25,8475278,C,6,0,0,0,-3,10.55,0.0,0.0,2
245,28,8473564,C,82,17,27,44,13,17.08,62.9,0.5365853658536586,9
246,34,8468483,RW,56,10,11,21,-4,14.78,60.0,0.375,16
247,23,8476545,RW,13,0,1,1,0,5.82,50.0,0.07692307692307693,1
248,27,8474040,C,81,18,32,50,10,13.72,67.6,0.6172839506172839,10
249,22,8476851,C,61,17,27,44,-5,15.92,73.3,0.7213114754098361,5
250,24,8475848,RW,64,10,19,29,7,15.1,59.2,0.453125,5
251,31,8476116,C,27,2,1,3,-3,9.17,42.9,0.1111111111111111,1
252,26,8474581,D,82,9,34,43,24,21.3,39.1,0.524390243902439,6
253,32,8474520,D,70,1,8,9,-8,18.57,24.3,0.12857142857142856,9
254,23,8477715,C,4,0,1,1,0,12.98,100.0,0.25,1
255,23,8477919,C,9,0,1,1,1,8.67,25.0,0.1111111111111111,1
256,23,8476346,LW,72,18,43,61,-7,18.48,80.3,0.8472222222222222,4
257,22,8476867,C,57,0,5,5,-2,9.5,41.7,0.08771929824561403,2
258,26,8474611,D,12,1,3,4,1,12.52,66.7,0.3333333333333333,1
259,21,8477512,C,21,2,1,3,2,9.7,42.9,0.14285714285714285,2
260,27,8473989,LW,11,0,0,0,-2,7.13,0.0,0.0,1
261,25,8475199,D,27,0,1,1,-4,11.58,10.0,0.037037037037037035,1
262,31,8470612,C,74,15,58,73,7,21.07,82.0,0.9864864864864865,12
263,33,8470104,D,18,1,4,5,-4,15.45,83.3,0.2777777777777778,1
264,37,8467407,RW,82,15,20,35,-11,16.6,76.1,0.4268292682926829,15
265,33,8472410,C,26,1,5,6,9,11.2,40.0,0.23076923076923078,1
266,33,8470966,D,81,12,27,39,22,23.58,39.0,0.48148148148148145,11
267,32,8471958,D,63,4,11,15,8,19.1,31.3,0.23809523809523808,11
268,22,8476878,C,75,7,9,16,-7,13.17,72.7,0.21333333333333335,4
269,28,8473512,C,82,14,44,58,-15,19.12,59.8,0.7073170731707317,10
270,33,8470854,LW,11,1,1,2,0,10.92,100.0,0.18181818181818182,10
271,27,8476822,C,74,3,11,14,-10,12.92,73.7,0.1891891891891892,4
272,21,8477958,RW/LW,14,3,0,3,0,11.37,60.0,0.21428571428571427,2
273,31,8471274,D,82,6,30,36,-9,23.33,43.9,0.43902439024390244,10
274,27,8474597,D,33,0,5,5,-11,16.98,29.4,0.15151515151515152,1
275,23,8476624,C,3,0,1,1,0,11.3,,0.3333333333333333,3
276,33,8470159,C,13,1,0,1,-5,8.18,100.0,0.07692307692307693,1
277,32,8470324,D,66,1,5,6,-3,18.45,21.4,0.09090909090909091,12
278,23,8476906,D,76,7,32,39,-21,19.58,48.8,0.5131578947368421,3
279,25,8476826,C,20,6,2,8,-1,15.37,72.7,0.4,2
280,29,8473546,RW,76,27,13,40,22,14.1,74.1,0.5263157894736842,8
281,24,8475774,D,10,0,0,0,0,9.63,0.0,0.0,1
282,23,8476440,C,69,19,13,32,-19,17.3,68.1,0.463768115942029,4
283,24,8475798,C,81,26,43,69,23,18.82,73.4,0.8518518518518519,5
284,26,8474683,C,46,0,4,4,-5,9.77,57.1,0.08695652173913043,4
285,23,8476344,C,52,7,2,9,7,9.83,50.0,0.17307692307692307,3
286,24,8475857,D,49,1,6,7,3,14.15,30.4,0.14285714285714285,2
287,31,8471242,D,72,14,22,36,-20,23.55,51.4,0.5,12
288,34,8472382,D,66,4,9,13,-16,21.75,28.9,0.19696969696969696,11
289,33,8470121,D,26,1,1,2,3,13.18,22.2,0.07692307692307693,1
290,20,8478421,LW,5,0,1,1,-2,13.65,100.0,0.2,1
291,25,8476414,RW,3,0,0,0,-1,6.48,0.0,0.0,1
292,23,8476495,C,24,0,5,5,6,12.73,35.7,0.20833333333333334,3
293,22,8476888,C,75,10,13,23,-14,14.08,67.6,0.30666666666666664,1
294,23,8476428,C,4,0,1,1,-3,11.0,100.0,0.25,3
295,31,8471269,D,3,0,0,0,-4,13.02,0.0,0.0,1
296,28,8473468,D,40,2,4,6,-5,16.13,33.3,0.15,5
297,22,8476891,D,2,0,0,0,0,12.48,0.0,0.0,1
298,26,8475462,D,67,6,17,23,8,19.3,42.6,0.34328358208955223,5
299,24,8475790,D,30,1,5,6,-14,20.33,37.5,0.2,6
300,22,8477404,C,40,16,17,33,7,15.88,71.7,0.825,1
301,19,8478425,D,3,0,0,0,1,16.35,0.0,0.0,1
302,30,8474125,D,56,0,6,6,-5,13.6,37.5,0.10714285714285714,8
303,19,8478495,RW,1,0,0,0,-1,13.1,0.0,0.0,1
304,28,8474176,LW,61,6,16,22,10,15.48,56.4,0.36065573770491804,6
305,21,8477462,D,1,0,0,0,0,21.32,0.0,0.0,1
306,35,8468493,D,72,4,13,17,-8,22.03,33.3,0.2361111111111111,14
307,30,8474230,C,58,2,10,12,6,9.07,54.5,0.20689655172413793,7
308,25,8475791,C,72,20,33,53,-9,19.32,76.8,0.7361111111111112,7
309,34,8469465,D,79,1,15,16,-7,19.37,28.1,0.20253164556962025,13
310,23,8476462,D,81,13,37,50,12,19.68,60.2,0.6172839506172839,5
311,24,8475878,C,26,2,0,2,-3,9.78,40.0,0.07692307692307693,4
312,26,8474612,D,49,3,11,14,-21,20.45,41.2,0.2857142857142857,7
313,19,8478396,D,81,4,25,29,-19,17.92,46.8,0.35802469135802467,2
314,25,8477810,D,7,0,0,0,-3,10.15,0.0,0.0,2
315,23,8478541,LW,10,1,1,2,0,9.13,50.0,0.2,2
316,30,8471498,RW,43,8,12,20,2,16.05,60.6,0.46511627906976744,10
317,29,8471691,C,71,20,19,39,-17,17.72,66.1,0.5492957746478874,10
318,27,8475597,RW,14,2,1,3,-1,10.3,100.0,0.21428571428571427,1
319,21,8477433,D,6,0,0,0,-1,17.8,0.0,0.0,2
320,23,8476449,D,22,1,2,3,3,13.0,21.4,0.13636363636363635,3
321,22,8477451,LW/RW,76,19,12,31,13,12.77,70.5,0.40789473684210525,3
322,34,8468486,LW,78,13,24,37,14,12.07,77.1,0.47435897435897434,16
323,25,8477903,RW,26,1,4,5,0,9.13,62.5,0.19230769230769232,2
324,25,8475287,C,72,15,11,26,5,13.82,61.9,0.3611111111111111,4
325,21,8477401,C,12,1,3,4,3,11.68,66.7,0.3333333333333333,1
326,27,8474625,RW,58,2,3,5,-3,9.23,29.4,0.08620689655172414,6
327,24,8475763,C,76,17,32,49,10,16.57,69.0,0.6447368421052632,3
328,26,8475167,D,79,16,56,72,3,24.5,61.5,0.9113924050632911,8
329,25,8475841,D,1,0,0,0,0,16.48,0.0,0.0,1
330,21,8478046,C,8,0,0,0,-3,13.23,0.0,0.0,1
331,26,8475274,D,9,1,0,1,2,13.47,25.0,0.1111111111111111,1
332,29,8471794,C,50,8,9,17,-6,15.35,53.1,0.34,10
333,33,8469466,RW,15,4,3,7,-1,14.42,100.0,0.4666666666666667,14
334,35,8468611,C,42,4,3,7,-3,10.75,58.3,0.16666666666666666,9
335,23,8476511,C,1,1,0,1,1,5.3,100.0,1.0,1
336,26,8474641,C,82,20,20,40,-20,18.12,63.5,0.4878048780487805,7
337,23,8476881,C,49,10,12,22,-8,17.22,68.8,0.4489795918367347,4
338,27,8474066,D,76,4,16,20,-1,17.52,33.9,0.2631578947368421,5
339,22,8476994,C,49,6,8,14,-1,11.98,77.8,0.2857142857142857,2
340,29,8471769,D,73,5,13,18,12,21.5,30.5,0.2465753424657534,10
341,20,8477959,C,21,4,6,10,1,16.45,55.6,0.47619047619047616,1
342,27,8474884,C,74,26,35,61,17,17.6,69.3,0.8243243243243243,6
343,29,8474207,D,80,11,23,34,13,20.62,43.0,0.425,6
344,25,8475180,C,48,5,7,12,-16,12.75,63.2,0.25,6
345,28,8473560,D,32,2,5,7,0,13.52,46.7,0.21875,5
346,21,8477945,D,16,1,4,5,-4,16.87,41.7,0.3125,1
347,29,8471887,RW,70,21,23,44,16,15.95,52.4,0.6285714285714286,9
348,21,8477500,C,81,20,32,52,-7,18.03,76.5,0.6419753086419753,3
349,37,8466148,RW,73,26,19,45,7,16.87,81.8,0.6164383561643836,1
350,24,8475769,C,5,0,0,0,1,8.65,0.0,0.0,1
351,25,8475949,C,16,0,2,2,-3,10.42,50.0,0.125,2
352,23,8476456,C,31,10,16,26,-2,17.92,72.2,0.8387096774193549,5
353,32,8470201,RW/LW,32,3,8,11,-3,11.85,78.6,0.34375,1
354,22,8476948,LW,3,0,2,2,1,11.93,100.0,0.6666666666666666,2
355,28,8476779,D,12,1,5,6,-1,14.5,50.0,0.5,4
356,31,8471436,D,72,1,18,19,8,17.88,42.2,0.2638888888888889,10
357,23,8477018,D,71,5,14,19,-22,20.5,38.8,0.2676056338028169,2
358,24,8475786,C,82,10,18,28,2,16.62,54.9,0.34146341463414637,2
359,39,8462042,RW,80,14,13,27,-30,15.13,62.8,0.3375,1
360,29,8475625,D,74,3,11,14,15,16.27,29.2,0.1891891891891892,5
361,44,8448208,RW,82,16,30,46,2,17.0,60.5,0.5609756097560976,23
362,22,8476873,C,1,0,0,0,0,10.3,0.0,0.0,1
363,25,8475714,C,81,15,16,31,-1,15.72,60.8,0.38271604938271603,4
364,23,8476436,RW/LW,51,1,10,11,5,11.55,52.4,0.21568627450980393,5
365,23,8476432,C,82,18,16,34,14,16.07,60.7,0.4146341463414634,4
366,26,8475324,D,49,4,9,13,-7,17.75,41.9,0.2653061224489796,1
367,23,8476482,RW/LW,7,0,0,0,-2,9.22,0.0,0.0,1
368,24,8475793,C,82,14,47,61,1,18.83,67.8,0.7439024390243902,6
369,26,8475149,C,82,24,34,58,25,17.0,60.4,0.7073170731707317,7
370,24,8475730,D,61,4,6,10,-10,18.25,27.0,0.16393442622950818,2
371,28,8473446,D,46,2,15,17,-6,22.07,44.7,0.3695652173913043,9
372,29,8471677,D,82,5,18,23,23,21.82,29.9,0.2804878048780488,11
373,26,8474870,C,66,19,26,45,-5,18.82,64.3,0.6818181818181818,5
374,24,8478963,D,7,0,0,0,-3,9.87,0.0,0.0,1
375,33,8469638,C,69,11,17,28,-15,17.42,60.9,0.4057971014492754,12
376,25,8476279,D,41,1,5,6,-4,14.42,33.3,0.14634146341463414,1
377,26,8477881,C,4,0,0,0,1,11.85,0.0,0.0,1
378,22,8477495,D,75,12,30,42,6,23.4,56.0,0.56,4
379,26,8477591,C,54,4,8,12,-2,12.2,63.2,0.2222222222222222,3
380,25,8475185,C,38,1,9,10,-1,12.13,55.6,0.2631578947368421,7
381,26,8474600,D,72,12,37,49,7,25.07,49.0,0.6805555555555556,6
382,18,8479370,C,6,1,0,1,-5,15.68,50.0,0.16666666666666666,1
383,24,8476430,LW/RW,29,1,0,1,-12,10.63,50.0,0.034482758620689655,4
384,26,8475172,C,82,32,29,61,-7,16.43,72.6,0.7439024390243902,8
385,25,8478566,C,43,2,2,4,-14,12.63,80.0,0.09302325581395349,1
386,20,8477973,C,2,0,0,0,-1,10.07,0.0,0.0,1
387,28,8474000,D,11,1,1,2,-2,13.25,50.0,0.18181818181818182,5
388,25,8475169,LW,70,28,15,43,-17,19.2,75.4,0.6142857142857143,8
389,28,8474141,C,82,34,55,89,11,21.4,78.1,1.0853658536585367,10
390,20,8477953,RW,8,1,0,1,-2,10.7,100.0,0.125,2
391,22,8480081,D,5,0,0,0,-1,17.43,0.0,0.0,1
392,26,8474578,D,77,17,54,71,10,26.83,66.4,0.922077922077922,8
393,26,8477922,C,67,11,11,22,7,12.8,78.6,0.3283582089552239,3
394,23,8476448,C,81,6,19,25,10,13.38,58.1,0.30864197530864196,3
395,21,8478131,RW,53,5,10,15,-1,11.78,71.4,0.2830188679245283,1
396,25,8475178,RW,79,7,17,24,4,12.3,64.9,0.3037974683544304,6
397,35,8471996,C,2,0,0,0,-1,11.2,0.0,0.0,1
398,33,8470281,D,80,6,47,53,22,25.62,51.5,0.6625,12
399,18,8479343,C,3,0,2,2,-3,12.67,100.0,0.6666666666666666,1
400,36,8467967,C,82,5,7,12,-17,11.93,80.0,0.14634146341463414,13
401,20,8477960,C,25,2,4,6,-3,12.23,60.0,0.24,1
402,26,8479482,D,50,2,6,8,1,14.97,28.6,0.16,1
403,22,8476866,LW,1,0,0,0,1,11.13,0.0,0.0,1
404,24,8478528,C,47,6,10,16,15,13.48,53.3,0.3404255319148936,2
405,32,8470616,C,82,22,36,58,8,21.3,63.7,0.7073170731707317,13
406,29,8473548,C,82,23,47,70,3,17.93,69.3,0.8536585365853658,11
407,22,8476915,LW,10,1,0,1,1,9.25,50.0,0.1,2
408,27,8473986,C,81,19,17,36,-9,18.0,51.4,0.4444444444444444,5
409,29,8471693,D,39,0,4,4,-11,14.68,22.2,0.10256410256410256,1
410,27,8474100,LW/RW,80,9,7,16,-2,14.4,50.0,0.2,1
411,23,8476472,D,82,12,26,38,7,22.37,35.8,0.4634146341463415,4
412,32,8470630,D,60,3,11,14,5,17.63,27.5,0.23333333333333334,1
413,24,8475906,D,80,13,36,49,2,23.35,44.1,0.6125,3
414,22,8476886,D,29,0,4,4,-4,12.98,33.3,0.13793103448275862,3
415,33,8469459,C,80,18,40,58,27,19.12,60.4,0.725,12
416,29,8473463,C,82,14,18,32,6,16.97,40.0,0.3902439024390244,4
417,19,8478439,C,70,11,17,28,-2,14.08,66.7,0.4,1
418,29,8471685,C,76,12,40,52,-10,20.77,73.2,0.6842105263157895,11
419,30,8471232,LW/RW,69,8,12,20,5,12.4,62.5,0.2898550724637681,1
420,23,8479290,C,1,0,0,0,0,6.9,0.0,0.0,1
421,25,8475184,C,75,28,25,53,6,17.0,70.7,0.7066666666666667,5
422,30,8471276,C,82,23,31,54,-12,18.17,74.0,0.6585365853658537,11
423,35,8468509,D,57,2,11,13,-7,19.45,28.3,0.22807017543859648,13
424,25,8476792,D,81,8,43,51,-10,21.47,56.0,0.6296296296296297,6
425,26,8475323,C,70,5,12,17,7,14.02,53.1,0.24285714285714285,7
426,23,8476453,RW,74,40,45,85,13,19.43,82.5,1.1486486486486487,4
427,24,8475832,RW,57,4,12,16,8,10.65,69.6,0.2807017543859649,2
428,22,8476967,D,21,0,3,3,-3,14.25,42.9,0.14285714285714285,3
429,30,8473579,LW/RW,72,12,11,23,3,13.82,51.1,0.3194444444444444,9
430,26,8475179,D,47,2,3,5,-26,21.9,25.0,0.10638297872340426,8
431,37,8470543,LW,71,9,20,29,0,15.52,63.0,0.4084507042253521,13
432,23,8476374,C,8,0,1,1,-1,9.2,100.0,0.125,1
433,24,8475744,C,82,19,40,59,18,16.95,72.0,0.7195121951219512,4
434,21,8478099,RW,55,8,12,20,9,13.68,57.1,0.36363636363636365,1
435,23,8476425,C,13,0,0,0,-2,6.77,0.0,0.0,1
436,31,8471217,LW,78,23,8,31,-14,16.18,64.6,0.3974358974358974,12
437,24,8476983,D,22,0,8,8,-5,15.4,50.0,0.36363636363636365,1
438,18,8479339,RW,73,36,28,64,7,17.92,70.3,0.8767123287671232,1
439,25,8475165,C,22,1,3,4,2,9.77,44.4,0.18181818181818182,1
440,24,8476455,LW,72,18,15,33,-25,18.78,68.8,0.4583333333333333,6
441,24,8479250,RW,43,4,3,7,-17,11.78,50.0,0.16279069767441862,1
442,20,8477946,C,80,17,15,32,-28,16.15,69.6,0.4,2
443,27,8474707,D,26,1,5,6,-8,16.47,46.2,0.23076923076923078,1
444,24,8476457,D,79,4,15,19,21,20.12,25.0,0.24050632911392406,6
445,19,8478491,D,4,0,0,0,-1,16.43,0.0,0.0,1
446,24,8475728,C,36,6,5,11,-7,16.85,52.4,0.3055555555555556,5
447,26,8474873,D,5,0,0,0,-3,12.52,0.0,0.0,4
448,22,8476872,C,2,0,0,0,0,10.25,0.0,0.0,4
449,21,8477508,C,37,1,3,4,-8,9.13,50.0,0.10810810810810811,3
450,25,8475181,D,81,11,35,46,-3,22.72,49.5,0.5679012345679012,7
451,26,8475314,C,81,34,18,52,9,15.58,67.5,0.6419753086419753,5
452,21,8477476,LW,73,18,10,28,-1,13.87,63.6,0.3835616438356164,1
453,29,8474627,C,64,7,15,22,-6,15.18,44.9,0.34375,3
454,22,8476955,LW,10,1,1,2,-1,9.07,100.0,0.2,2
455,23,8476410,LW,13,2,8,10,2,12.57,90.9,0.7692307692307693,4
456,21,8478004,D,2,0,0,0,-1,19.0,0.0,0.0,2
457,29,8471724,D,41,5,29,34,2,25.52,55.7,0.8292682926829268,11
458,31,8473914,C,78,16,19,35,-2,14.23,56.5,0.44871794871794873,8
459,29,8473453,C,82,12,12,24,-6,14.27,66.7,0.2926829268292683,9
460,27,8475436,LW,1,0,0,0,-1,4.7,0.0,0.0,1
461,36,8468639,D,36,0,5,5,1,16.22,25.0,0.1388888888888889,1
462,25,8475715,C,65,8,12,20,2,10.83,71.4,0.3076923076923077,3
463,23,8476989,D,7,0,0,0,-4,12.98,0.0,0.0,1
464,22,8476902,D,73,6,12,18,8,21.87,26.9,0.2465753424657534,2
465,22,8478073,D,12,0,0,0,-8,14.77,0.0,0.0,1
466,22,8477496,C,72,11,34,45,-2,18.18,69.2,0.625,4
467,22,8476854,D,66,6,14,20,13,22.45,32.3,0.30303030303030304,4
468,29,8473412,C,59,21,26,47,-7,17.55,73.4,0.7966101694915254,10
469,26,8478371,LW/RW,2,0,1,1,0,14.43,100.0,0.5,1
470,32,8473933,D,82,1,6,7,-7,20.8,18.9,0.08536585365853659,9
471,23,8476392,C,82,15,14,29,1,16.05,52.7,0.35365853658536583,3
472,28,8473473,LW,82,23,27,50,-3,17.17,58.1,0.6097560975609756,10
473,24,8479648,LW,47,4,2,6,-2,9.58,50.0,0.1276595744680851,1
474,22,8476874,D,55,1,6,7,17,18.07,15.2,0.12727272727272726,4
475,31,8470667,LW,4,0,0,0,-1,13.48,0.0,0.0,1
476,30,8473584,D,73,2,16,18,-5,20.1,47.4,0.2465753424657534,9
477,35,8468001,C,82,6,10,16,-7,12.57,61.5,0.1951219512195122,14
478,21,8477492,C,82,16,37,53,-14,19.95,64.6,0.6463414634146342,4
479,19,8478843,C,47,6,4,10,-5,11.23,62.5,0.2127659574468085,1
480,30,8471215,C,62,33,39,72,18,18.62,77.4,1.1612903225806452,11
481,21,8477391,C,1,0,0,0,0,12.2,0.0,0.0,1
482,26,8475430,D,65,3,9,12,-12,18.05,33.3,0.18461538461538463,5
483,25,8476312,D,82,5,12,17,14,18.63,28.8,0.2073170731707317,3
484,22,8477511,RW,60,17,19,36,10,15.88,78.3,0.6,2
485,28,8473419,C,80,39,46,85,18,19.35,75.2,1.0625,8
486,24,8476289,D,41,1,7,8,7,16.95,32.0,0.1951219512195122,1
487,26,8476539,C,75,30,21,51,-21,16.92,73.9,0.68,4
488,24,8475716,D,25,1,6,7,3,18.05,35.0,0.28,4
489,38,8467496,D,62,6,30,36,18,21.83,55.4,0.5806451612903226,1
490,37,8466139,C,82,27,19,46,4,17.18,56.1,0.5609756097560976,19
491,19,8478483,C,77,19,42,61,0,16.73,72.6,0.7922077922077922,1
492,28,8474034,LW,81,27,15,42,13,16.73,54.5,0.5185185185185185,6
493,27,8474709,LW/RW,82,5,4,9,0,8.85,45.0,0.10975609756097561,8
494,35,8468542,D,81,4,22,26,10,19.23,42.6,0.32098765432098764,13
495,29,8474166,D,82,9,30,39,-17,21.63,50.6,0.47560975609756095,8
496,24,8476921,C,77,11,14,25,-8,15.68,56.8,0.3246753246753247,3
497,26,8478561,C,64,3,4,7,-14,9.95,70.0,0.109375,2
498,22,8476875,D,81,7,10,17,-5,21.05,28.3,0.20987654320987653,2
499,19,8479318,C,82,40,29,69,2,17.53,81.2,0.8414634146341463,1
500,28,8473574,C,45,8,4,12,0,13.57,54.5,0.26666666666666666,10
501,24,8476429,D,25,2,7,9,-1,14.13,45.0,0.36,3
502,28,8473571,D,3,0,0,0,-1,16.67,0.0,0.0,1
503,23,8476931,D,76,3,17,20,-7,20.7,30.8,0.2631578947368421,4
504,20,8477955,C,29,1,6,7,-1,11.63,53.8,0.2413793103448276,2
505,21,8477446,C,31,1,4,5,-4,9.88,55.6,0.16129032258064516,2
506,33,8469508,C,65,5,3,8,-8,11.38,53.3,0.12307692307692308,1
507,24,8476323,C,7,0,0,0,-3,6.77,0.0,0.0,2
508,21,8477452,D,3,0,1,1,0,13.25,100.0,0.3333333333333333,1
509,19,8478402,C,82,30,70,100,27,21.13,78.1,1.2195121951219512,2
510,27,8474151,D,77,6,36,42,20,24.35,43.8,0.5454545454545454,7
511,32,8470644,C,3,1,0,1,1,9.02,100.0,0.3333333333333333,1
512,22,8477091,D,1,0,0,0,-1,15.13,0.0,0.0,1
513,22,8476934,LW,57,7,9,16,-11,12.0,72.7,0.2807017543859649,2
514,28,8473465,LW/RW,72,9,8,17,-23,13.17,60.7,0.2361111111111111,9
515,24,8475795,D,6,1,0,1,-2,9.52,100.0,0.16666666666666666,1
516,24,8475735,C,46,3,4,7,-3,9.9,46.7,0.15217391304347827,4
517,25,8475310,LW,53,6,10,16,5,10.85,69.6,0.3018867924528302,3
518,32,8471657,LW/RW,59,5,1,6,-3,7.17,60.0,0.1016949152542373,10
519,25,8475188,D,49,2,2,4,1,15.07,21.1,0.08163265306122448,5
520,23,8476471,C,1,0,0,0,-1,13.82,0.0,0.0,1
521,30,8471717,D,77,2,8,10,4,18.12,20.8,0.12987012987012986,8
522,26,8475263,C,3,1,0,1,1,8.8,50.0,0.3333333333333333,1
523,24,8477034,D,1,0,0,0,1,15.33,0.0,0.0,1
524,26,8477126,C,58,4,4,8,-4,12.43,47.1,0.13793103448275862,4
525,20,8478414,RW,34,3,3,6,1,12.47,46.2,0.17647058823529413,1
526,25,8475815,D,18,0,2,2,0,18.37,22.2,0.1111111111111111,1
527,24,8475750,D,51,1,5,6,-9,18.75,24.0,0.11764705882352941,4
528,31,8470760,D,68,0,12,12,13,19.82,22.6,0.17647058823529413,11
529,32,8470599,LW/RW,5,1,1,2,-2,14.27,100.0,0.4,1
530,34,8469760,D,3,0,0,0,1,17.67,0.0,0.0,1
531,20,8477947,LW,4,0,0,0,-3,11.68,0.0,0.0,2
532,24,8476525,D,61,6,7,13,0,15.73,38.2,0.21311475409836064,2
533,32,8470778,LW/RW,55,5,2,7,-12,10.28,77.8,0.12727272727272726,1
534,23,8476468,C,82,22,34,56,17,16.37,78.9,0.6829268292682927,5
535,29,8476191,D,58,3,10,13,1,17.7,37.1,0.22413793103448276,4
536,25,8475291,RW,1,0,0,0,0,8.8,0.0,0.0,1
537,31,8470750,C,65,3,4,7,-12,12.55,50.0,0.1076923076923077,1
538,31,8471338,C,78,8,9,17,5,12.6,58.6,0.21794871794871795,9
539,23,8476619,RW,11,0,0,0,-1,8.43,0.0,0.0,1
540,22,8479969,C,5,0,0,0,-2,10.58,0.0,0.0,1
541,22,8477497,C,82,27,31,58,-1,17.58,71.6,0.7073170731707317,4
542,22,8477986,D,27,2,4,6,11,17.38,31.6,0.2222222222222222,1
543,36,8468575,C,82,11,14,25,2,12.88,75.8,0.3048780487804878,12
544,26,8475186,D,63,12,10,22,-7,18.85,52.4,0.3492063492063492,7
545,21,8477502,D,1,0,0,0,0,17.78,0.0,0.0,1
546,21,8477504,D,82,6,14,20,6,19.48,26.7,0.24390243902439024,2
547,24,8476476,D,17,0,1,1,-4,15.53,25.0,0.058823529411764705,3
548,21,8477353,C,33,4,3,7,2,11.38,63.6,0.21212121212121213,1
549,33,8470852,LW,81,14,18,32,-4,11.6,66.7,0.3950617283950617,10
550,21,8477509,D,4,1,1,2,2,9.3,66.7,0.5,3
551,23,8476473,D,77,2,15,17,-13,19.18,34.0,0.22077922077922077,4
552,23,8476465,D,27,0,2,2,-11,13.17,40.0,0.07407407407407407,5
553,23,8476850,D,60,2,9,11,3,18.33,26.2,0.18333333333333332,4
554,27,8474162,D,82,9,19,28,-21,22.3,39.4,0.34146341463414637,6
555,26,8474574,D,11,2,3,5,5,22.2,45.5,0.45454545454545453,8
556,29,8478562,D,3,0,0,0,-4,14.5,0.0,0.0,1
557,24,8476480,C,74,10,18,28,-4,14.78,50.0,0.3783783783783784,4
558,32,8470041,RW/LW,67,23,15,38,9,16.47,63.3,0.5671641791044776,14
559,27,8474062,C,81,7,10,17,-1,13.73,68.0,0.20987654320987653,6
560,29,8471707,RW/LW,70,23,18,41,-10,17.7,67.2,0.5857142857142857,9
561,37,8467493,RW,53,1,3,4,-11,7.57,66.7,0.07547169811320754,1
562,25,8475754,C,81,20,25,45,-6,15.65,71.4,0.5555555555555556,4
563,24,8479268,D,11,0,0,0,-3,12.6,0.0,0.0,2
564,24,8475747,D,40,0,3,3,-4,15.78,15.8,0.075,4
565,26,8474604,D,2,0,0,0,-1,12.83,0.0,0.0,4
566,23,8476300,D,48,4,13,17,0,16.28,53.1,0.3541666666666667,1
567,25,8475250,C,19,1,4,5,-3,10.9,83.3,0.2631578947368421,1
568,24,8475799,RW,82,25,32,57,17,15.07,68.7,0.6951219512195121,6
569,32,8470144,C,79,17,24,41,-19,17.15,69.5,0.5189873417721519,11
570,24,8476442,LW/RW,59,7,6,13,-12,14.83,72.2,0.22033898305084745,4
571,22,8476922,C,1,0,0,0,-1,11.73,0.0,0.0,1
572,30,8471702,D,78,5,34,39,20,22.18,47.6,0.5,10
573,23,8476474,RW,44,8,2,10,6,11.13,62.5,0.22727272727272727,3
574,20,8478031,D,10,0,0,0,-1,11.72,0.0,0.0,1
575,27,8475325,C,46,4,4,8,-3,10.85,72.7,0.17391304347826086,6
576,24,8475807,C,82,7,5,12,-12,12.72,63.2,0.14634146341463414,4
577,24,8477931,C,11,1,0,1,-1,10.12,50.0,0.09090909090909091,2
578,23,8476454,C,82,18,25,43,-10,17.67,71.7,0.524390243902439,6
579,21,8477498,D,44,5,6,11,0,17.02,37.9,0.25,3
580,22,8478906,D,66,2,5,7,7,13.22,21.9,0.10606060606060606,1
581,18,8479423,RW/LW,4,0,1,1,-2,12.33,100.0,0.25,1
582,20,8477939,C,81,22,39,61,-3,15.92,82.4,0.7530864197530864,2
583,27,8474679,C,76,12,36,48,0,17.42,70.6,0.631578947368421,6
584,22,8477070,C,1,0,0,0,0,6.13,0.0,0.0,2
585,23,8476303,D,3,0,0,0,1,16.02,0.0,0.0,1
586,22,8476982,C,3,1,0,1,-2,9.32,100.0,0.3333333333333333,1
587,30,8471811,C,11,0,1,1,-6,7.93,50.0,0.09090909090909091,6
588,25,8475158,C,72,20,35,55,-1,21.47,63.2,0.7638888888888888,8
589,35,8469665,D,52,2,7,9,-4,18.27,30.0,0.17307692307692307,11
590,24,8477851,D,2,0,0,0,-1,17.28,0.0,0.0,3
591,28,8473449,RW,65,19,26,45,-7,18.97,63.4,0.6923076923076923,10
592,24,8476467,D,41,5,2,7,-4,16.22,30.4,0.17073170731707318,5
593,30,8476162,D,11,0,1,1,2,13.7,16.7,0.09090909090909091,1
594,22,8477467,D,13,0,3,3,-1,13.48,33.3,0.23076923076923078,2
595,25,8475200,D,82,6,27,33,30,19.53,38.8,0.4024390243902439,5
596,36,8468498,D,79,0,14,14,32,17.78,23.0,0.17721518987341772,14
597,30,8471698,C,68,33,23,56,28,17.85,58.9,0.8235294117647058,9
598,34,8468505,C,53,3,4,7,-8,10.77,77.8,0.1320754716981132,1
599,23,8476443,D,66,3,9,12,2,17.97,30.0,0.18181818181818182,4
600,31,8471214,LW/RW,82,33,36,69,6,18.37,65.1,0.8414634146341463,12
601,25,8475175,LW,32,8,5,13,9,12.17,68.4,0.40625,7
602,28,8474157,LW,81,35,32,67,15,19.18,73.6,0.8271604938271605,9
603,24,8476419,C,82,12,21,33,13,16.12,71.7,0.4024390243902439,5
604,25,8476336,RW,14,2,2,4,2,8.92,100.0,0.2857142857142857,3
605,25,8476292,LW,75,17,35,52,8,19.12,62.7,0.6933333333333334,5
606,25,8475151,C,80,26,27,53,2,17.35,70.7,0.6625,7
607,25,8478550,C,82,31,43,74,18,19.47,71.2,0.9024390243902439,2
608,25,8475209,RW/LW,82,22,22,44,14,14.75,65.7,0.5365853658536586,5
609,23,8476975,C,58,4,6,10,-6,11.52,71.4,0.1724137931034483,4
610,23,8476892,D,81,4,31,35,7,21.2,46.1,0.43209876543209874,2
611,32,8471385,D,4,0,0,0,-1,11.0,0.0,0.0,1
612,33,8469707,RW,67,13,15,28,-18,14.55,70.0,0.417910447761194,1
613,32,8470610,LW,69,19,23,42,-3,17.43,64.6,0.6086956521739131,12
614,20,8477956,RW/LW,75,34,36,70,11,17.87,71.4,0.9333333333333333,3
615,26,8474688,D,36,1,8,9,-1,15.42,42.9,0.25,4
616,21,8477426,C,1,0,0,0,-2,16.48,0.0,0.0,2
617,32,8470794,C,81,29,39,68,11,19.13,71.6,0.8395061728395061,11
618,24,8476871,LW,80,24,20,44,5,16.32,61.1,0.55,4
619,23,8476285,C,10,1,1,2,-3,11.45,100.0,0.2,1
620,22,8476917,D,44,3,7,10,-5,16.83,37.0,0.22727272727272727,2
621,20,8477943,LW,57,14,7,21,-4,14.83,63.6,0.3684210526315789,1
622,28,8473618,C,65,13,32,45,-11,16.28,61.6,0.6923076923076923,8
623,28,8474102,LW/RW,82,18,28,46,-2,17.3,64.8,0.5609756097560976,10
624,31,8470621,RW,82,19,34,53,2,17.72,71.6,0.6463414634146342,12
625,22,8477488,D,82,2,18,20,23,21.2,24.7,0.24390243902439024,2
626,21,8477464,C,54,1,12,13,-13,10.9,56.5,0.24074074074074073,2
627,24,8475755,D,49,1,13,14,-1,18.15,40.0,0.2857142857142857,5
628,29,8473507,D,80,8,20,28,3,22.12,35.4,0.35,7
629,31,8470602,D,81,9,21,30,-6,23.03,37.5,0.37037037037037035,12
630,23,8476370,C,10,0,1,1,-5,12.5,50.0,0.1,2
631,26,8474565,D,80,14,34,48,3,25.28,45.7,0.6,9
632,25,8475204,C,60,8,10,18,-8,12.28,45.0,0.3,7
633,25,8475752,C,31,8,3,11,0,9.92,84.6,0.3548387096774194,3
634,34,8469521,C,78,10,18,28,10,16.82,58.3,0.358974358974359,13
635,20,8478010,C,68,18,22,40,4,17.13,54.8,0.5882352941176471,1
636,30,8471392,D,75,4,7,11,10,17.83,25.0,0.14666666666666667,11
637,34,8469506,RW,78,13,34,47,2,14.23,78.3,0.6025641025641025,13
638,30,8471331,C,2,0,0,0,-1,11.25,0.0,0.0,1
639,27,8474074,D,65,1,13,14,3,10.85,51.9,0.2153846153846154,7
640,22,8479249,C,2,0,0,0,-3,12.27,0.0,0.0,1
641,30,8471678,LW,67,8,6,14,-5,14.05,51.9,0.208955223880597,11
642,22,8476884,D,11,0,0,0,-4,14.88,0.0,0.0,3
643,24,8476386,C,50,5,13,18,-9,12.97,72.0,0.36,3
644,30,8475613,D,39,2,5,7,0,12.72,35.0,0.1794871794871795,8
645,26,8474774,D,29,0,6,6,-1,13.97,31.6,0.20689655172413793,6
646,19,8478500,D,82,6,24,30,-7,21.98,52.6,0.36585365853658536,1
647,23,8476477,LW,40,6,3,9,-11,9.65,81.8,0.225,1
648,18,8479344,RW,28,1,7,8,5,11.25,66.7,0.2857142857142857,1
649,24,8475800,LW,13,2,0,2,-2,9.5,33.3,0.15384615384615385,1
650,22,8477506,D,1,0,0,0,1,3.95,0.0,0.0,2
651,31,8473962,LW/RW,12,0,2,2,0,12.9,50.0,0.16666666666666666,1
652,29,8471768,C,82,9,14,23,9,15.63,62.2,0.2804878048780488,6
653,24,8475796,D,82,4,13,17,0,18.57,34.7,0.2073170731707317,5
654,20,8477961,C,12,1,3,4,1,13.7,66.7,0.3333333333333333,1
655,31,8470724,D,73,6,9,15,4,17.8,34.9,0.2054794520547945,12
656,23,8476409,C,61,5,13,18,-2,12.52,50.0,0.29508196721311475,2
657,30,8471228,RW,76,18,36,54,10,18.3,62.8,0.7105263157894737,4
658,28,8477290,C,52,8,3,11,-7,13.27,57.9,0.21153846153846154,4
659,23,8476483,C,71,33,18,51,10,17.38,73.9,0.7183098591549296,5
660,20,8478420,RW,75,20,18,38,-25,18.03,56.7,0.5066666666666667,2
661,23,8476437,C,82,16,29,45,-10,17.3,67.2,0.5487804878048781,3
662,26,8477929,C,68,4,4,8,-4,11.83,44.4,0.11764705882352941,2
663,23,8476427,RW,9,0,2,2,-2,10.73,100.0,0.2222222222222222,4
664,24,8476415,C,24,2,1,3,-3,9.6,60.0,0.125,2
665,31,8471664,LW,4,0,0,0,-2,8.92,0.0,0.0,1
666,30,8476177,RW/LW,63,10,9,19,3,13.8,67.9,0.30158730158730157,6
667,29,8471817,RW,80,7,6,13,4,8.88,50.0,0.1625,7
668,28,8474743,D,16,0,5,5,6,12.32,41.7,0.3125,5
669,23,8476422,D,17,1,0,1,1,12.38,11.1,0.058823529411764705,2
670,21,8477933,C,79,17,30,47,-11,17.22,57.3,0.5949367088607594,3
671,24,8477916,C,1,0,0,0,0,4.85,0.0,0.0,1
672,22,8479252,D,1,0,0,0,0,13.58,0.0,0.0,1
673,36,8467371,C,46,4,21,25,-5,15.97,67.6,0.5434782608695652,1
674,23,8476911,C,3,0,0,0,-2,12.7,0.0,0.0,1
675,31,8470755,C,16,5,4,9,-1,15.35,90.0,0.5625,12
676,23,8476356,C,80,16,18,34,-8,17.32,75.6,0.425,3
677,22,8476853,D,76,6,21,27,-20,22.05,39.7,0.35526315789473684,4
678,22,8477499,D,79,6,39,45,-9,26.47,45.0,0.569620253164557,4
679,23,8476439,RW,78,16,8,24,11,12.9,61.5,0.3076923076923077,3
680,21,8477941,LW,77,14,14,28,4,12.98,71.8,0.36363636363636365,2
681,25,8477210,RW,4,0,0,0,0,6.95,0.0,0.0,1
682,26,8475210,RW,3,0,1,1,1,8.92,100.0,0.3333333333333333,1
683,23,8478542,C,30,4,2,6,-7,12.93,75.0,0.2,2
684,23,8479291,C,4,0,0,0,-3,10.18,0.0,0.0,1
685,19,8478458,C,1,0,0,0,-1,8.4,0.0,0.0,1
686,27,8474849,LW,60,12,15,27,1,15.52,61.4,0.45,5
687,27,8477240,C,27,3,4,7,2,10.97,70.0,0.25925925925925924,1
688,38,8465058,D,22,1,2,3,-3,15.5,37.5,0.13636363636363635,1
689,26,8477244,D,34,2,8,10,9,17.33,32.3,0.29411764705882354,5
690,29,8471729,D,68,1,12,13,5,21.22,28.9,0.19117647058823528,10
691,23,8476418,D,19,0,0,0,2,16.07,0.0,0.0,1
692,24,8475810,RW,57,15,13,28,4,13.63,68.3,0.49122807017543857,3
693,29,8471676,RW/LW,62,13,12,25,-3,15.53,51.0,0.4032258064516129,10
694,30,8478585,C,67,11,18,29,-8,14.88,70.7,0.43283582089552236,2
695,24,8476438,LW/RW,82,24,29,53,23,17.03,75.7,0.6463414634146342,6
696,23,8476447,RW,5,0,0,0,-1,12.22,0.0,0.0,3
697,22,8477482,LW,39,4,4,8,2,10.85,61.5,0.20512820512820512,1
698,21,8477463,D,38,2,5,7,-6,16.1,41.2,0.18421052631578946,2
699,26,8475233,D,74,6,17,23,33,21.83,31.1,0.3108108108108108,6
700,26,8474579,D,82,2,11,13,-1,18.97,28.3,0.15853658536585366,9
701,26,8474618,D,71,4,9,13,-2,18.33,25.5,0.18309859154929578,7
702,27,8474098,C,80,9,15,24,-16,14.63,68.6,0.3,6
703,26,8477213,C,59,7,7,14,-6,12.27,66.7,0.23728813559322035,3
704,23,8476460,C,79,32,50,82,18,20.57,72.6,1.0379746835443038,6
705,25,8475170,C,79,25,30,55,-13,17.8,62.5,0.6962025316455697,8
706,27,8474568,D,78,1,7,8,-9,18.05,20.5,0.10256410256410256,9
707,21,8477957,RW,3,1,0,1,1,11.38,50.0,0.3333333333333333,1
708,29,8473673,D,62,2,16,18,4,16.62,42.9,0.2903225806451613,9
709,23,8476877,D,9,0,2,2,0,14.33,28.6,0.2222222222222222,1
710,20,8477951,C,61,6,22,28,10,13.27,75.7,0.45901639344262296,1
711,25,8477220,D,60,3,14,17,22,15.48,35.4,0.2833333333333333,4
712,26,8476766,LW/RW,4,0,1,1,2,7.15,50.0,0.25,1
713,26,8475147,C,37,6,7,13,5,9.78,86.7,0.35135135135135137,5
714,26,8474602,D,78,12,39,51,27,20.45,45.1,0.6538461538461539,5
715,34,8468513,D,28,0,4,4,1,15.25,26.7,0.14285714285714285,1
716,24,8475768,C,78,19,36,55,14,18.9,65.5,0.7051282051282052,6
717,31,8470607,D,79,3,36,39,5,21.88,45.9,0.4936708860759494,12
718,36,8467875,LW,82,15,29,44,-16,18.38,71.0,0.5365853658536586,16
719,36,8467876,C,82,15,35,50,-27,19.03,78.1,0.6097560975609756,16
720,23,8476310,C,62,7,6,13,10,9.72,48.1,0.20967741935483872,1
721,24,8475794,C,82,26,46,72,-15,18.47,73.5,0.8780487804878049,7
722,35,8469619,D,73,5,17,22,25,19.43,33.3,0.3013698630136986,14
723,30,8471284,D,80,8,27,35,14,21.45,46.1,0.4375,11
724,18,8479410,D,4,0,0,0,1,12.13,0.0,0.0,1
725,29,8473542,LW,13,0,2,2,0,5.53,66.7,0.15384615384615385,1
726,29,8471682,RW,45,4,8,12,-5,12.45,57.1,0.26666666666666666,1
727,22,8476923,D,80,3,28,31,-31,20.32,52.5,0.3875,3
728,24,8475958,C,38,2,7,9,-5,11.15,75.0,0.23684210526315788,1
729,35,8469544,C,48,8,10,18,-22,15.95,72.0,0.375,14
730,27,8474031,D,80,13,43,56,-7,19.93,60.9,0.7,7
731,25,8476381,C,68,12,17,29,4,15.2,55.8,0.4264705882352941,6
732,24,8476400,C,55,3,7,10,3,9.7,55.6,0.18181818181818182,2
733,25,8475772,C,80,2,11,13,-29,13.98,41.9,0.1625,6
734,24,8477839,LW,61,23,30,53,24,15.93,75.7,0.8688524590163934,2
735,22,8477445,C,7,0,1,1,-3,10.58,100.0,0.14285714285714285,1
736,22,8476913,C,82,13,20,33,-4,14.13,73.3,0.4024390243902439,2
737,25,8475213,C,14,0,2,2,-3,11.97,66.7,0.14285714285714285,1
738,24,8476406,C,70,6,11,17,-2,12.78,65.4,0.24285714285714285,3
739,23,8476464,D,3,0,0,0,-2,12.32,0.0,0.0,2
740,26,8475164,RW/LW,79,23,26,49,10,18.48,74.2,0.620253164556962,5
741,28,8474190,RW/LW,82,31,23,54,-18,18.95,60.7,0.6585365853658537,9
742,22,8478866,C,2,0,1,1,-1,13.05,100.0,0.5,2
743,23,8476416,D,3,0,0,0,0,10.88,0.0,0.0,1
744,23,8476925,C,58,8,2,10,11,11.12,41.7,0.1724137931034483,3
745,29,8471681,RW,55,5,4,9,0,8.8,69.2,0.16363636363636364,1
746,24,8475784,C,79,37,26,63,-3,17.73,77.8,0.7974683544303798,7
747,22,8476869,D,80,5,34,39,11,17.47,50.0,0.4875,2
748,22,8476958,D,82,5,29,34,23,23.43,40.5,0.4146341463414634,2
749,22,8477415,LW,41,4,6,10,5,11.12,83.3,0.24390243902439024,2
750,28,8474727,C,40,2,2,4,-7,11.47,50.0,0.1,1
751,27,8474090,D,51,3,6,9,1,19.25,25.0,0.17647058823529413,6
752,22,8480083,LW/RW,2,0,1,1,-1,11.53,50.0,0.5,1
753,27,8475225,C,78,12,17,29,7,13.82,60.4,0.3717948717948718,6
754,22,8476966,C,17,3,3,6,-1,13.58,85.7,0.35294117647058826,1
755,25,8475191,C,80,15,22,37,-13,18.35,63.8,0.4625,6
756,31,8473942,C,1,0,0,0,0,7.33,0.0,0.0,1
757,28,8474250,C,74,16,16,32,6,16.38,71.1,0.43243243243243246,9
758,24,8475758,C,53,4,5,9,-19,13.57,81.8,0.16981132075471697,6
759,29,8471743,C,1,1,0,1,0,16.68,100.0,1.0,8
760,31,8471262,C,80,6,8,14,-26,13.45,48.3,0.175,5
761,24,8475834,RW/LW,19,1,3,4,-1,10.82,80.0,0.21052631578947367,1
762,22,8477466,RW,5,0,1,1,-1,10.88,100.0,0.2,1
763,23,8478373,RW,56,5,4,9,1,10.7,50.0,0.16071428571428573,2
764,19,8478480,C,3,0,0,0,0,9.48,0.0,0.0,1
765,33,8469455,C,68,15,35,50,-18,16.17,66.7,0.7352941176470589,14
766,24,8475727,C,78,12,28,39,-8,14.07,60.0,0.5,5
767,23,8476450,D,27,1,6,7,-8,15.15,50.0,0.25925925925925924,2
768,27,8474716,D,76,10,28,38,33,24.03,38.8,0.5,7
769,32,8470595,C,82,28,37,65,17,18.6,72.2,0.7926829268292683,13
770,28,8473533,C,75,16,29,45,-1,18.67,64.3,0.6,11
771,29,8471686,D,72,3,7,10,9,19.18,18.2,0.1388888888888889,10
772,31,8471226,RW/LW,58,8,13,21,6,13.55,55.3,0.3620689655172414,11
773,33,8470162,C,81,6,17,23,3,12.68,76.7,0.2839506172839506,14
774,30,8473537,LW/RW,75,11,5,16,-9,12.2,69.6,0.21333333333333335,1
775,26,8474564,C,17,9,11,20,3,17.87,80.0,1.1764705882352942,9
776,31,8471669,C,66,18,22,40,4,19.13,58.0,0.6060606060606061,11
777,22,8479442,D,71,3,21,24,-16,19.98,38.1,0.3380281690140845,1
778,32,8470257,C,76,16,35,51,-2,19.3,69.9,0.6710526315789473,12
779,33,8470740,RW,82,16,24,40,2,15.85,60.6,0.4878048780487805,12
780,26,8474613,C,81,17,38,55,19,18.62,67.1,0.6790123456790124,7
781,22,8476905,C,4,0,0,0,0,8.88,0.0,0.0,2
782,29,8473485,RW/LW,79,13,8,21,3,10.38,80.8,0.26582278481012656,9
783,29,8476798,D,11,0,3,3,-5,16.92,37.5,0.2727272727272727,1
784,24,8475913,RW,71,22,32,54,12,18.57,63.5,0.7605633802816901,5
785,26,8474628,D,64,3,12,15,0,19.82,34.1,0.234375,6
786,31,8470886,D,14,1,2,3,0,17.55,60.0,0.21428571428571427,1
787,28,8473565,D,5,0,2,2,-1,15.93,50.0,0.4,1
788,30,8471873,D,73,5,17,22,1,22.9,32.4,0.3013698630136986,10
789,29,8476043,C,6,0,1,1,1,8.25,100.0,0.16666666666666666,1
790,39,8468309,D,68,6,21,27,-12,18.72,49.1,0.39705882352941174,11
791,19,8478440,C,7,0,1,1,-5,13.68,50.0,0.14285714285714285,1
792,23,8476458,C,69,13,17,30,-8,14.6,66.7,0.43478260869565216,4
793,32,8470614,D,42,2,2,4,4,12.45,25.0,0.09523809523809523,1
794,27,8474056,D,66,10,30,40,-8,24.4,52.6,0.6060606060606061,8
795,22,8476897,C,10,0,0,0,-4,9.17,0.0,0.0,2
796,26,8477205,D,80,3,11,14,-10,17.58,35.0,0.175,5
797,31,8470600,D,82,9,31,40,34,26.93,34.5,0.4878048780487805,12
798,27,8474091,C,81,17,17,34,-20,18.8,65.4,0.41975308641975306,9
799,20,8478431,RW/LW,2,0,0,0,0,13.15,0.0,0.0,1
800,25,8479293,C,51,2,2,4,-6,10.68,50.0,0.0784313725490196,2
801,27,8475690,D,53,2,8,10,3,20.35,29.4,0.18867924528301888,7
802,25,8475765,RW,82,39,36,75,-1,18.47,77.3,0.9146341463414634,5
803,26,8475193,C,82,25,21,46,-8,17.28,65.7,0.5609756097560976,6
804,26,8475166,C,77,28,38,66,4,20.4,68.8,0.8571428571428571,8
805,26,8476807,D,45,0,6,6,-13,13.28,28.6,0.13333333333333333,4
806,22,8476882,C,81,15,27,42,-6,16.23,68.9,0.5185185185185185,4
807,27,8474052,LW/RW,14,2,2,4,-1,9.88,80.0,0.2857142857142857,1
808,21,8477447,D,34,2,7,9,-6,17.32,32.1,0.2647058823529412,2
809,32,8470775,C,30,1,1,2,4,10.38,33.3,0.06666666666666667,10
810,28,8476200,RW,21,0,3,3,-4,7.9,75.0,0.14285714285714285,1
811,23,8476526,LW,3,0,0,0,-4,10.88,0.0,0.0,1
812,33,8469501,RW/LW,64,3,1,4,-7,6.98,40.0,0.0625,12
813,37,8466138,C,79,7,43,50,7,18.08,58.8,0.6329113924050633,19
814,39,8465978,LW,50,2,2,4,-7,7.68,66.7,0.08,1
815,22,8476919,C,80,11,12,23,0,14.63,60.5,0.2875,3
816,19,8479314,LW,76,13,35,48,14,14.67,69.6,0.631578947368421,1
817,28,8473604,C,72,21,37,58,7,20.15,70.7,0.8055555555555556,10
818,24,8475726,C,63,16,18,34,6,16.58,64.2,0.5396825396825397,5
819,21,8477566,LW,2,0,1,1,0,11.48,100.0,0.5,1
820,33,8469547,RW,50,2,1,3,-6,6.75,60.0,0.06,1
821,23,8476389,C,82,23,31,54,-13,20.82,68.4,0.6585365853658537,4
822,27,8474130,RW/LW,1,0,0,0,-1,9.47,0.0,0.0,1
823,22,8476885,D,60,8,25,33,4,24.95,47.8,0.55,4
824,22,8477997,D,66,2,7,9,-7,16.73,30.0,0.13636363636363635,1
825,20,8477949,RW,6,0,0,0,-3,10.7,0.0,0.0,1
826,27,8474068,C,78,27,28,55,-3,19.5,72.4,0.7051282051282052,9
827,24,8476391,C,3,0,0,0,-1,7.48,0.0,0.0,1
828,33,8469492,D,69,1,12,13,-25,18.93,39.4,0.18840579710144928,1
829,33,8470105,RW/LW,73,10,8,18,-1,10.98,72.0,0.2465753424657534,14
830,27,8474037,LW,82,29,33,62,-2,15.82,71.3,0.7560975609756098,8
831,25,8477845,D,58,5,11,16,17,18.42,30.2,0.27586206896551724,3
832,29,8471762,C,81,6,9,15,-5,11.57,83.3,0.18518518518518517,1
833,32,8470598,LW/RW,68,17,31,48,-5,14.4,81.4,0.7058823529411765,12
834,26,8475321,C,7,0,0,0,-3,7.95,0.0,0.0,1
835,25,8475222,D,71,3,21,24,3,21.67,32.0,0.3380281690140845,5
836,22,8478366,C,44,10,8,18,-3,13.4,69.2,0.4090909090909091,2
837,23,8480087,C,2,0,0,0,-1,8.5,0.0,0.0,1
838,34,8468535,C,72,9,19,28,-7,15.9,57.1,0.3888888888888889,13
839,24,8477326,RW,18,0,3,3,2,10.93,50.0,0.16666666666666666,1
840,30,8471346,RW/LW,69,15,22,37,-3,14.73,74.0,0.5362318840579711,10
841,23,8476918,LW,80,16,11,27,-13,13.63,60.0,0.3375,1
842,25,8475223,C,4,0,0,0,-2,11.02,0.0,0.0,1
843,20,8477937,RW,10,0,1,1,1,10.15,100.0,0.1,2
844,29,8471709,D,75,6,22,28,4,21.07,43.8,0.37333333333333335,11
845,27,8474161,RW,82,20,41,61,-24,19.07,68.5,0.7439024390243902,9
846,20,8477944,LW,21,3,3,6,2,11.12,66.7,0.2857142857142857,1
847,35,8468085,RW,81,20,35,55,-18,16.9,76.4,0.6790123456790124,15
848,25,8475780,C,43,6,1,7,2,9.35,70.0,0.16279069767441862,3
849,21,8478027,C,8,0,2,2,1,10.87,66.7,0.25,1
850,36,8468208,C,78,10,19,29,-2,15.83,65.9,0.3717948717948718,10
851,26,8474660,D,7,0,1,1,-3,15.73,20.0,0.14285714285714285,4
852,24,8475766,LW,77,5,12,17,14,12.42,56.7,0.22077922077922077,3
853,24,8475738,C,23,8,4,12,5,14.32,80.0,0.5217391304347826,2
854,31,8470642,D,78,17,25,42,20,25.07,48.8,0.5384615384615384,12
855,28,8474134,D,73,1,7,8,1,11.92,22.9,0.1095890410958904,9
856,22,8477346,D,3,0,0,0,0,17.45,0.0,0.0,1
857,28,8474668,RW,64,8,7,15,1,12.88,46.9,0.234375,7
858,22,8477505,C,80,13,46,59,9,18.38,68.6,0.7375,3
859,19,8478460,D,78,11,36,47,17,20.92,48.0,0.6025641025641025,1
860,30,8471218,RW,82,26,48,74,6,20.15,74.7,0.9024390243902439,9
861,19,8478400,C,2,0,0,0,0,13.72,0.0,0.0,13
862,28,8473466,C,65,9,7,16,-16,10.65,76.2,0.24615384615384617,1
863,26,8475227,D,76,5,12,17,7,13.97,43.6,0.2236842105263158,2
864,33,8469770,D,57,5,13,18,-6,20.23,41.9,0.3157894736842105,1
865,26,8474605,D,57,4,8,12,-18,16.68,57.1,0.21052631578947367,1
866,35,8468508,RW,80,24,24,48,14,15.48,67.6,0.6,16
867,27,8474569,C,70,12,23,35,7,14.95,57.4,0.5,8
868,24,8476293,C,78,8,18,26,0,10.95,72.2,0.3333333333333333,3
869,22,8476880,RW,82,7,12,19,9,12.93,61.3,0.23170731707317074,4
870,28,8474739,C,73,7,5,12,-11,10.5,63.2,0.1643835616438356,7
871,31,8471476,C,72,12,13,25,15,12.92,78.1,0.3472222222222222,10
872,26,8474722,D,34,0,4,4,-1,9.87,40.0,0.11764705882352941,3
873,21,8477425,LW,60,8,9,17,-21,12.85,65.4,0.2833333333333333,2
874,23,8476452,D,4,0,0,0,-2,10.9,0.0,0.0,1
875,23,8476855,RW/LW,40,3,6,9,-3,10.67,52.9,0.225,5
876,30,8471735,D,82,5,36,41,-6,22.03,51.3,0.5,11
877,19,8478401,C,70,8,16,24,-17,14.45,75.0,0.34285714285714286,2
878,21,8477507,D,56,0,10,10,-20,19.03,38.5,0.17857142857142858,4
879,25,8479458,D,82,4,32,36,-22,21.85,42.4,0.43902439024390244,1
880,31,8471233,C,80,14,31,45,-8,19.58,58.4,0.5625,11
881,24,8477816,C,1,0,0,0,-1,8.05,0.0,0.0,1
882,36,8468083,C,82,17,51,68,15,19.7,73.9,0.8292682926829268,14
883,23,8476459,C,56,14,23,37,9,17.07,58.7,0.6607142857142857,6
884,29,8476158,LW,24,2,2,4,-2,8.87,80.0,0.16666666666666666,1
885,29,8475692,C,80,15,44,59,15,18.83,68.6,0.7375,7
886,24,8475722,LW/RW,79,22,25,47,34,15.28,68.1,0.5949367088607594,6
887,21,8477458,LW,2,1,0,1,1,6.25,100.0,0.5,1
