Position_previous,GP_previous,G_previous,A_previous,PTS_previous,+/-_previous,TOI_previous,IPP%_previous,Shots_previous,Shots_missed_previous,Shots_cbar_previous,Shots_post_previous,Team_previous,Position_next,GP_next,G_next,A_next,PTS_next,+/-_next,TOI_next,IPP%_next,Shots_next,Shots_missed_next,Shots_cbar_next,Shots_post_next,Team_next,latest_PTS,latest_+/-,latest_A,latest_G,latest_TOI
2,82,19,23,42,-16,90703,68.9,155,51,1,1,38,2,64,7,14,21,-20,63969,61.8,104,36,0,0,38,35,-11,22,13,74479
0,19,0,1,1,-4,11277,100.0,18,6,0,0,30,0,29,2,3,5,3,18047,55.6,23,8,0,0,30,11,-6,1,10,46487
2,2,0,0,0,-2,1626,0.0,3,0,0,0,34,2,7,1,2,3,0,5366,75.0,17,7,0,0,52,1,-1,1,0,3613
1,82,4,17,21,14,105165,41.2,75,40,0,0,58,1,82,3,10,13,23,97371,21.0,81,39,0,1,58,12,-7,11,1,98796
3,12,1,3,4,0,7703,80.0,11,5,0,0,33,3,78,17,12,29,12,56253,69.0,119,39,1,1,33,30,-1,11,19,68183
2,60,8,2,10,1,31655,66.7,46,21,0,0,41,2,36,0,2,2,-2,22888,33.3,38,17,1,1,41,9,-6,6,3,25352
3,44,7,10,17,1,37271,63.0,74,27,0,0,43,3,46,7,17,24,1,38550,85.7,68,22,0,1,36,22,-15,14,8,43459
0,77,20,22,42,8,83571,53.8,121,41,0,0,35,0,64,22,23,45,9,68529,66.2,105,33,0,2,35,31,-17,11,20,72527
3,1,0,0,0,0,302,0.0,0,0,0,0,50,3,10,3,0,3,3,6519,50.0,11,9,0,0,50,11,-2,6,5,30102
3,43,4,6,10,2,31376,66.7,52,16,0,1,57,3,57,10,9,19,-8,51769,67.9,111,27,1,4,57,29,3,17,12,59731
2,56,8,8,16,-8,41668,80.0,139,36,0,1,45,2,80,31,30,61,16,82343,71.8,246,89,0,6,45,61,20,32,29,83062
0,37,9,5,14,1,20019,93.3,53,18,0,0,38,0,64,18,11,29,-7,51703,72.5,120,58,1,2,38,33,-15,17,16,65238
3,81,27,26,53,-8,86499,80.3,226,76,0,3,33,3,82,35,27,62,13,88972,69.7,240,61,0,2,33,46,19,22,24,73716
0,79,21,24,45,4,91151,67.2,168,58,0,2,52,3,74,17,21,38,2,76007,58.5,175,65,0,1,30,33,2,19,14,52652
0,82,21,26,47,10,80831,75.8,155,55,1,1,34,0,81,22,31,53,9,85565,67.1,197,69,1,5,34,45,-21,31,14,93593
0,75,20,50,70,17,86318,88.6,129,46,0,1,58,0,82,23,63,86,17,89839,84.3,162,52,0,5,58,71,5,50,21,95550
2,69,15,13,28,-14,55717,77.8,108,41,1,1,55,2,68,18,17,35,-6,64773,67.3,114,35,0,0,55,29,3,15,14,49626
3,81,12,20,32,-7,77028,74.4,105,39,0,1,46,3,82,13,43,56,5,90388,62.2,173,52,0,4,46,71,-20,53,18,81551
3,8,0,0,0,-2,5569,0.0,22,3,0,0,31,3,32,2,2,4,0,20414,36.4,36,12,0,1,31,4,-2,1,3,8120
1,30,2,8,10,0,26996,52.6,32,15,0,2,43,1,60,2,11,13,-5,65740,32.5,80,49,0,0,36,13,6,10,3,47693
0,66,28,31,59,18,76943,83.1,171,45,0,2,40,0,61,21,31,52,13,71010,74.3,142,47,0,0,40,78,9,51,27,104612
1,78,13,36,49,-16,108574,57.0,172,53,0,6,36,1,74,7,31,38,-34,103486,60.3,182,93,0,4,36,57,-15,43,14,92604
1,80,6,12,18,-19,89372,41.9,85,37,0,0,55,1,24,1,1,2,-4,22158,15.4,16,11,0,1,34,3,-3,3,0,14413
3,57,8,9,17,0,47935,89.5,74,33,1,2,58,0,81,13,17,30,20,66251,73.2,100,35,1,0,58,22,3,15,7,58995
1,82,8,26,34,-7,123393,47.9,127,48,1,3,36,1,81,5,13,18,-14,104566,32.1,132,56,0,1,36,17,12,14,3,69593
1,64,2,17,19,-6,67035,47.5,74,24,1,0,43,1,74,4,24,28,8,86490,35.9,118,36,1,4,43,9,-19,8,1,56453
2,80,15,22,37,6,76113,64.9,168,96,0,2,30,2,49,3,5,8,-10,39001,47.1,79,34,0,0,30,0,-9,0,0,9877
2,74,7,7,14,-8,60246,82.4,102,45,1,3,49,2,82,4,4,8,-1,63814,38.1,90,37,2,0,49,16,5,10,6,53254
2,82,41,48,89,7,98508,85.6,247,87,1,8,37,2,77,26,43,69,-9,89507,80.2,201,66,6,5,37,79,20,43,36,97529
1,64,3,9,12,2,60107,29.3,58,23,0,0,37,1,71,4,13,17,-4,77900,43.6,68,47,1,0,37,15,-2,11,4,87647
3,33,6,6,12,-1,23553,66.7,52,14,0,2,50,3,65,8,11,19,-3,52876,70.4,101,43,1,2,44,0,-2,0,0,3889
0,77,18,18,36,-11,69975,70.6,136,40,1,3,34,0,81,13,13,26,-16,72839,65.0,122,46,1,0,34,26,-18,15,11,70850
0,80,32,36,68,12,95207,81.9,282,97,1,1,30,0,79,21,32,53,12,92065,53.5,301,85,0,6,30,63,21,33,30,74640
0,42,10,5,15,1,39032,62.5,80,24,0,2,52,0,82,23,11,34,-7,78668,68.0,153,67,0,5,52,26,-5,9,17,55253
0,3,0,0,0,0,1250,0.0,3,1,0,0,42,0,5,0,1,1,0,2440,100.0,5,0,0,0,42,0,1,0,0,323
1,51,0,7,7,-11,51296,25.0,61,14,0,1,55,1,36,0,3,3,-4,28444,27.3,37,21,0,1,55,9,3,8,1,39654
1,71,4,11,15,-7,89506,30.0,109,53,0,3,28,1,81,3,11,14,0,91130,25.0,94,51,0,1,28,8,-13,8,0,63786
1,28,1,5,6,0,20385,54.5,19,11,0,0,45,1,29,0,7,7,-1,20538,46.7,17,12,0,0,45,3,-1,2,1,25804
3,12,4,4,8,6,11503,66.7,25,6,0,1,33,3,26,6,7,13,4,21980,56.5,55,9,0,2,33,40,4,29,11,70318
0,67,15,19,34,-8,62350,68.0,171,46,0,3,40,0,54,7,7,14,-19,42615,58.3,91,29,0,2,40,48,5,29,19,74389
2,41,5,12,17,-14,38382,58.6,43,21,0,1,44,2,27,3,6,9,-10,21643,60.0,24,13,1,1,44,0,2,0,0,2102
3,20,3,2,5,3,10384,71.4,14,4,0,0,53,3,2,0,0,0,0,974,0.0,1,0,0,0,48,0,0,0,0,391
2,80,17,34,51,-33,88941,77.3,166,64,0,4,36,2,81,10,16,26,0,69738,54.2,122,51,1,1,51,37,0,22,15,59304
1,64,7,17,24,-11,85815,46.2,121,39,0,0,31,1,56,2,9,11,-17,67493,32.4,73,29,0,3,31,1,-9,1,0,20689
3,30,1,2,3,-3,11970,60.0,11,5,0,0,33,3,51,0,3,3,-3,17793,50.0,13,6,0,0,28,1,0,0,1,2655
0,63,9,20,29,13,59871,74.4,97,30,0,3,50,0,80,18,19,37,-5,79931,72.5,142,36,0,2,50,25,4,13,12,66608
1,63,1,1,2,-4,55290,8.7,27,13,0,1,48,1,70,1,2,3,-3,58845,12.5,50,24,0,0,48,11,-6,8,3,45684
1,40,2,1,3,2,31846,21.4,47,21,0,1,52,1,38,1,3,4,11,32118,17.4,45,20,0,0,52,13,11,9,4,63947
2,39,8,11,19,-13,33392,82.6,74,24,0,1,44,0,39,6,4,10,-6,27909,58.8,70,19,0,2,44,5,-12,2,3,13651
0,44,2,5,7,-6,31774,53.8,49,17,0,0,34,0,61,3,4,7,-2,41528,38.9,53,25,0,0,34,9,1,6,3,33868
3,22,1,3,4,0,16321,57.1,25,8,0,0,45,2,6,0,0,0,0,4032,0.0,4,2,0,0,36,11,-6,6,5,37947
1,72,3,16,19,-4,99853,40.4,105,48,0,0,52,1,81,1,14,15,6,108889,21.1,106,32,0,1,52,7,5,5,2,42287
1,70,9,16,25,17,89741,41.7,165,71,0,3,46,1,66,6,17,23,11,82095,39.0,155,79,0,1,46,18,-8,12,6,70268
0,76,13,7,20,-7,58871,64.5,117,41,2,0,53,0,75,13,12,25,3,58649,55.6,131,50,0,0,53,23,-9,10,13,55026
0,57,12,23,35,-9,59308,83.3,99,35,1,1,54,0,78,18,37,55,-1,76890,62.5,144,52,0,2,54,43,6,32,11,76023
0,80,27,31,58,12,85849,73.4,182,51,0,1,47,0,81,14,25,39,12,84461,52.0,195,67,1,2,48,46,0,25,21,76605
1,80,4,19,23,11,98685,40.4,114,42,0,1,51,1,81,4,9,13,1,97589,27.1,95,58,0,0,51,33,7,28,5,103656
1,68,2,5,7,-5,83311,22.6,58,29,0,2,42,1,68,3,22,25,5,79838,39.7,85,37,0,1,42,21,23,15,6,94627
0,76,7,4,11,-1,49271,64.7,49,26,0,1,52,0,69,8,7,15,2,46394,55.6,55,17,0,0,52,33,13,23,10,65429
3,82,18,21,39,2,83614,68.4,142,41,0,6,52,3,74,13,12,25,-11,72029,46.3,86,40,0,0,34,22,-7,16,6,63527
3,7,1,5,6,-2,6288,75.0,11,3,0,0,54,3,82,20,16,36,3,79733,53.7,138,52,1,6,54,28,0,14,14,73866
3,82,11,17,28,-5,79573,82.4,218,89,0,6,41,3,80,14,22,36,-4,76801,65.5,175,74,0,2,41,61,31,33,28,96405
3,78,8,14,22,16,62531,61.1,140,46,0,3,53,3,64,3,3,6,-7,39824,54.5,67,20,0,1,53,7,-5,5,2,25580
2,79,17,21,38,4,61736,79.2,126,44,3,3,58,2,64,12,23,35,13,50931,79.5,111,31,0,3,58,25,3,13,12,46497
1,82,27,48,75,-5,127251,65.8,353,141,0,4,51,1,82,29,47,76,19,122324,65.5,321,155,0,6,51,67,-16,55,12,124194
1,5,0,0,0,-1,3450,0.0,4,1,0,0,52,1,1,0,0,0,0,1288,0.0,1,0,0,0,52,0,1,0,0,4790
1,81,19,34,53,4,122487,51.0,247,104,1,3,57,1,80,13,39,52,10,131734,47.3,241,92,2,7,57,45,15,37,8,100763
2,62,11,7,18,-9,51182,81.8,51,15,1,1,43,2,81,22,21,43,21,73228,71.7,96,24,2,2,43,35,-4,15,20,79337
3,73,10,18,28,-5,75502,62.2,156,70,1,2,53,3,18,2,2,4,-4,15274,57.1,22,10,1,0,53,18,-4,13,5,53551
2,73,11,13,24,1,66261,68.6,114,31,0,4,33,2,65,10,5,15,-4,52054,50.0,92,30,1,3,33,24,-10,15,9,55377
0,4,1,0,1,0,2393,100.0,5,0,0,0,58,0,6,0,0,0,-2,3773,0.0,8,2,0,0,58,14,-13,7,7,36936
1,56,8,31,39,16,79637,59.1,124,54,2,2,58,1,72,9,28,37,7,98106,48.7,180,87,0,2,58,68,0,53,15,121926
0,1,0,0,0,0,447,0.0,0,0,0,0,51,0,11,2,2,4,5,6853,66.7,20,2,0,0,51,15,1,6,9,39310
2,23,6,3,9,0,16661,81.8,39,21,1,0,43,2,33,2,7,9,4,20306,69.2,44,19,0,0,43,16,2,10,6,27665
1,19,2,2,4,-5,17708,57.1,21,16,0,0,54,1,67,2,6,8,8,65671,14.5,89,50,0,1,54,12,5,8,4,42680
0,77,24,38,62,18,84954,88.6,242,105,0,3,41,0,82,32,34,66,2,88717,77.6,250,104,1,3,41,22,4,9,13,28905
1,75,10,16,26,9,86851,57.8,116,42,0,2,48,1,79,2,15,17,-11,109992,30.4,143,53,0,1,48,19,-27,14,5,114830
0,8,1,1,2,3,4319,50.0,10,0,0,0,33,0,68,4,5,9,-12,44970,56.3,64,15,0,1,55,0,-4,0,0,5285
1,80,9,28,37,12,115665,46.3,158,57,0,2,30,1,75,9,19,29,18,104997,36.7,135,52,0,1,30,24,22,17,7,100317
1,70,1,9,10,-9,60723,31.3,75,39,0,1,57,1,59,2,10,12,2,54237,34.3,49,11,0,0,57,14,15,12,2,52244
3,77,8,6,14,2,63005,38.9,88,31,1,1,48,3,81,12,12,24,-6,65069,64.9,104,26,0,1,34,18,1,9,9,43062
2,82,20,20,40,0,69129,87.0,165,34,0,5,58,2,82,20,13,33,1,64270,68.8,121,28,0,1,46,13,-12,10,3,45730
1,55,1,5,6,8,43530,18.8,28,18,0,0,58,1,18,1,4,5,8,15405,38.5,19,9,0,0,58,4,10,3,1,19707
0,80,8,21,29,4,60873,80.6,84,32,0,2,46,0,59,8,17,25,9,49230,75.8,82,18,0,2,46,17,-12,10,7,50746
1,16,0,2,2,-6,18518,33.3,15,6,0,0,48,1,33,3,8,11,5,26016,78.6,25,12,0,0,48,7,-7,6,1,58920
1,29,1,6,7,6,25745,38.9,43,17,0,0,39,1,31,2,9,11,3,29406,47.8,38,19,0,0,47,2,-1,2,0,4780
2,56,3,6,9,-1,31415,60.0,68,25,0,0,41,2,73,6,6,12,-2,46968,75.0,122,42,0,2,41,10,-4,4,6,31648
3,77,15,8,23,7,55052,71.9,80,27,0,2,46,3,66,5,15,20,2,55429,58.8,115,34,0,2,46,18,-7,10,8,58317
1,80,1,9,10,12,80411,20.4,92,42,0,2,53,1,80,5,7,12,-1,80335,27.9,102,39,0,1,53,15,3,14,1,69223
2,82,9,23,32,2,71004,88.9,131,48,0,2,28,2,82,16,19,35,11,74479,72.9,179,48,0,3,28,35,18,23,12,72956
1,70,0,12,12,-3,72404,34.3,72,31,0,2,50,1,81,5,21,26,26,96325,32.9,89,65,1,2,50,20,14,15,5,71457
2,81,12,24,36,-9,85668,75.0,142,38,0,2,36,2,77,8,12,20,-19,69229,57.1,103,40,0,1,36,34,5,21,13,75235
1,65,5,12,17,7,65278,39.5,109,42,0,1,29,1,24,0,1,1,-1,18910,10.0,21,14,0,0,29,21,3,10,11,66472
3,71,9,16,25,-1,55214,53.2,95,38,0,4,30,3,66,15,8,23,20,42331,60.5,81,17,0,0,58,27,-6,12,15,50412
0,77,7,6,13,8,36975,68.4,55,12,0,2,57,0,64,9,8,17,8,47398,65.4,77,24,1,1,57,28,17,19,9,67569
1,39,1,5,6,-12,33822,31.6,46,28,0,0,54,1,4,0,0,0,-1,2585,0.0,3,6,0,0,50,0,-1,0,0,3450
0,36,6,5,11,5,23179,73.3,41,10,0,0,49,0,60,6,10,16,-6,43204,76.2,99,26,0,1,49,19,-7,7,12,54795
0,52,15,21,36,2,54248,67.9,137,51,0,3,51,0,73,25,27,52,11,77114,72.2,174,65,2,2,51,61,-2,27,34,86802
0,63,11,28,39,8,70311,79.6,119,30,0,0,49,0,66,14,20,34,12,73045,60.7,120,39,1,2,49,76,34,45,31,106231
0,82,21,21,42,1,85152,70.0,140,46,0,1,42,0,82,18,38,56,13,82174,70.9,159,50,2,5,42,37,8,26,11,65471
3,52,5,5,10,-1,38161,90.9,68,20,1,3,39,3,69,10,6,16,9,43305,57.1,87,33,1,6,37,0,-1,0,0,2313
0,80,36,49,85,19,98253,84.2,248,89,1,4,50,0,75,44,45,89,17,89450,74.2,255,65,1,4,50,89,0,60,29,101791
0,82,16,16,32,5,68291,88.9,118,30,0,0,50,0,72,13,18,31,4,60128,73.8,94,32,1,0,50,22,-1,11,11,56369
1,71,2,6,8,-5,67022,32.0,64,27,1,0,29,1,43,2,4,6,-12,35832,42.9,37,25,0,0,32,5,-6,4,1,32402
1,82,6,22,28,9,90731,40.6,130,51,1,1,50,1,56,5,14,19,7,68471,32.2,84,31,1,1,50,16,-5,7,9,95616
0,2,1,0,1,0,1230,100.0,3,0,0,0,42,0,9,1,2,3,0,4620,60.0,8,3,0,0,42,0,-3,0,0,5358
2,51,4,6,10,-5,39037,100.0,72,25,0,1,43,2,82,13,27,40,5,76662,76.9,133,41,0,2,43,25,0,17,8,51754
0,34,5,5,10,-7,24993,83.3,54,20,1,0,57,0,38,4,7,11,0,24361,73.3,44,22,0,0,57,3,-2,1,2,9918
0,8,1,0,1,0,5431,33.3,7,3,0,0,29,0,24,2,1,3,-2,15710,60.0,32,4,0,0,29,0,-1,0,0,867
1,51,4,7,11,7,58741,35.5,63,37,1,1,39,1,38,0,3,3,-2,35841,15.0,42,16,0,0,39,7,-13,3,4,51464
1,72,2,14,16,3,89134,32.0,102,41,0,2,46,1,82,5,20,25,15,97653,33.3,116,57,0,1,46,12,11,11,1,37124
1,78,8,12,20,2,102045,47.6,72,29,1,0,38,1,82,4,8,12,-22,107976,21.8,85,40,0,0,38,12,2,6,6,79256
1,52,4,9,13,-8,73048,50.0,98,33,0,0,49,1,51,6,12,18,-5,59682,47.4,92,39,0,1,49,22,-8,16,6,102356
1,62,7,16,23,16,77629,47.9,94,56,0,2,37,1,81,9,19,28,-14,95309,45.2,98,55,0,0,40,20,-4,14,6,87503
0,65,11,18,29,-6,62411,69.0,90,20,0,1,43,0,49,6,8,14,4,36628,53.8,46,9,0,0,39,28,-22,22,6,55622
2,70,6,6,12,-14,43379,70.6,72,33,0,1,31,2,42,0,2,2,-6,18688,50.0,26,11,0,0,31,14,7,4,10,40350
2,41,7,10,17,0,35095,65.4,68,31,1,0,32,2,36,1,6,7,-12,26559,63.6,68,23,0,2,32,13,0,8,5,30876
0,1,1,0,1,1,715,100.0,2,0,0,0,37,0,10,2,0,2,-3,7074,100.0,9,4,0,1,37,2,-2,2,0,13825
1,76,2,9,11,8,76097,25.6,93,39,1,0,51,1,81,2,8,10,-2,80031,28.6,86,39,0,1,51,22,-7,17,5,84174
2,81,18,34,52,3,79579,69.3,156,56,1,4,29,2,59,9,29,38,-9,60112,69.1,108,38,0,3,29,45,-7,36,9,82194
3,76,11,25,36,4,64539,69.2,107,40,1,2,51,3,61,6,11,17,-5,50548,60.7,95,36,0,4,51,32,10,18,14,59293
3,71,5,11,16,-13,53635,69.6,91,33,0,1,55,3,14,1,3,4,-6,8343,80.0,24,2,0,0,55,9,-1,2,7,18338
1,82,14,37,51,24,137848,57.3,197,104,0,3,41,1,82,12,32,44,8,133550,45.4,181,61,2,1,41,60,23,50,10,132031
0,5,0,0,0,1,3173,0.0,3,2,0,0,41,0,70,6,16,22,-15,52314,73.3,78,31,0,4,41,4,-10,1,3,35401
0,72,19,32,51,-2,78014,81.0,133,40,0,3,39,0,82,29,48,77,7,92909,70.0,173,66,0,6,39,70,-7,45,25,90419
2,21,4,6,10,1,18198,62.5,25,14,0,1,53,2,73,21,32,53,-13,77555,71.6,183,53,3,7,53,46,-28,33,13,81309
0,75,17,31,48,-16,84434,85.7,158,46,2,1,33,0,80,12,29,41,16,85898,63.1,115,39,1,1,33,16,-2,10,6,57072
0,76,30,29,59,-8,84773,84.3,200,59,0,3,36,0,77,18,23,41,-34,84565,75.9,160,64,1,2,36,59,-22,32,27,90194
2,81,20,24,44,12,69884,63.8,105,49,0,2,29,2,58,5,10,15,-7,46282,50.0,76,28,0,2,29,23,-5,12,11,44632
1,81,10,16,26,1,81845,40.6,152,67,1,4,42,1,76,11,23,34,15,92686,38.2,131,47,0,2,42,50,15,36,14,117169
1,79,0,16,16,11,89518,30.2,101,37,0,1,50,1,70,1,14,15,0,86294,25.4,78,25,0,1,50,18,-5,13,5,98964
2,30,3,6,9,4,19436,64.3,23,8,0,1,48,2,81,14,18,32,7,69926,64.0,123,32,1,3,48,41,-17,18,23,78186
0,82,16,19,35,3,80531,74.5,133,45,0,2,37,0,60,3,9,12,-7,60535,42.9,82,46,0,2,37,27,-6,16,11,69768
3,54,11,6,17,-5,42038,45.9,86,36,0,1,37,3,79,32,19,51,-2,77776,62.2,209,79,2,6,28,1,0,0,1,1975
3,69,25,22,47,-12,73924,79.7,173,57,2,1,39,3,82,20,31,51,3,82497,70.8,208,81,1,7,39,59,5,34,25,78091
1,67,1,8,9,0,60016,33.3,90,43,0,0,52,1,69,3,12,15,11,73562,34.1,81,35,0,1,52,17,-1,10,7,85865
3,72,15,23,38,3,69556,66.7,167,66,4,3,57,2,82,25,39,64,1,86032,77.1,204,82,2,9,57,60,14,31,29,79116
0,81,24,32,56,-16,92931,83.6,238,85,1,4,31,0,61,24,33,57,-13,72908,78.1,249,79,1,4,31,64,-25,39,25,80976
1,78,15,21,36,18,101449,46.8,182,55,1,2,40,1,68,10,11,21,-23,87557,42.0,225,67,1,3,40,38,9,22,16,115074
1,82,8,27,35,14,99589,50.0,114,55,0,1,45,1,82,3,20,23,4,115415,32.9,120,65,0,3,45,34,25,24,10,114586
1,75,21,34,55,-6,111463,51.9,228,95,1,7,29,1,79,12,27,39,-25,116677,45.9,145,75,0,4,29,42,-28,28,14,116515
0,79,13,13,26,-13,72319,63.4,149,55,1,4,43,0,81,12,13,25,15,67558,56.8,115,51,0,3,58,38,-6,20,18,74361
1,79,10,22,32,13,99059,45.7,152,43,1,4,45,1,71,16,22,38,17,102052,42.7,140,53,1,3,45,32,26,23,9,61661
1,72,0,12,12,-7,88551,33.3,71,42,0,0,43,1,76,2,8,10,1,97227,22.2,82,44,0,1,43,9,9,8,1,76979
1,69,3,9,12,7,63058,29.3,71,27,0,2,34,1,81,4,12,16,2,89083,35.6,107,31,0,3,34,23,6,18,5,96128
0,23,3,8,11,-9,24934,78.6,57,21,1,1,31,2,51,5,8,13,-10,39278,56.5,89,20,0,3,31,22,-1,14,8,52443
1,71,3,12,15,2,78957,36.6,68,41,0,1,38,1,51,1,8,9,-2,58815,25.0,43,26,0,0,38,13,-7,10,3,93839
3,82,30,33,63,13,95850,72.4,184,48,0,3,30,2,65,11,13,24,-9,72843,54.5,132,24,0,3,55,23,0,13,10,48808
0,45,5,7,12,9,33355,60.0,67,30,0,3,37,0,80,12,21,33,-6,77628,66.0,132,66,1,4,37,33,21,16,17,72386
1,24,0,4,4,2,20485,26.7,16,9,0,0,33,1,52,0,8,8,-3,42738,42.1,33,22,1,2,31,2,-16,1,1,44404
3,7,1,1,2,2,4839,50.0,9,5,0,0,31,3,10,0,1,1,-1,6245,100.0,6,3,0,0,31,0,-1,0,0,2910
3,79,10,20,30,9,70807,78.9,75,35,0,1,47,3,68,6,15,21,6,56290,58.3,56,24,0,1,47,33,-10,20,13,63396
1,64,16,21,37,-22,92331,60.7,184,68,2,4,32,1,75,17,20,37,-18,104133,52.9,225,87,1,5,32,31,-26,23,8,101541
1,1,0,1,1,1,1128,100.0,0,0,0,0,55,1,27,0,7,7,3,21649,43.8,24,8,0,0,31,1,-1,1,0,6167
0,55,8,6,14,0,43084,73.7,74,23,0,1,50,0,53,6,5,11,2,34751,61.1,62,15,0,2,50,4,6,1,3,12724
2,71,4,14,18,-15,53730,51.4,122,36,1,1,34,2,76,15,10,25,-1,52736,67.6,106,39,0,0,34,41,5,20,21,69389
2,5,1,0,1,0,3946,100.0,11,5,0,0,45,2,54,11,5,16,1,43780,69.6,114,32,0,0,45,48,20,25,23,72709
0,76,8,23,31,-6,83251,70.5,101,26,0,1,53,0,79,12,30,42,-1,82505,65.6,97,29,0,2,49,33,-7,22,11,80077
0,70,13,10,23,-14,72085,54.8,98,33,1,2,45,0,72,18,24,42,1,71785,66.7,120,41,2,0,45,4,0,2,2,11851
2,75,10,13,23,4,59330,62.2,81,28,0,4,31,2,80,13,10,23,-1,74264,56.1,97,40,0,2,31,23,2,15,8,50187
2,72,12,25,37,-14,72972,74.0,149,50,0,2,33,2,79,26,25,51,-4,87336,64.6,185,54,2,0,33,33,1,18,15,79273
1,26,0,4,4,-1,22745,40.0,14,5,0,0,42,1,51,2,6,8,10,45700,25.8,39,17,0,1,42,13,1,10,3,61063
1,14,1,1,2,-1,9278,50.0,14,4,0,0,41,1,82,2,16,18,8,98971,34.6,100,39,0,3,41,18,18,17,1,97288
2,82,33,31,64,1,93739,73.6,247,118,3,7,45,2,82,31,27,58,-4,91109,69.9,234,120,1,6,45,64,27,38,26,70246
1,69,5,23,28,-8,94312,38.4,113,43,1,1,28,1,80,11,28,39,7,119271,39.4,186,57,1,4,28,32,3,24,8,99911
1,59,4,13,17,-5,59604,58.6,92,32,0,2,31,1,68,3,16,19,-5,75408,41.3,93,37,0,3,31,7,-1,6,1,22930
0,56,2,3,5,-11,42424,33.3,64,27,2,0,54,0,6,0,0,0,-3,3798,0.0,6,1,0,0,53,11,0,8,3,33349
3,64,15,17,32,1,60706,80.0,155,37,0,0,34,3,82,17,27,44,13,84044,62.9,202,66,1,2,34,25,-19,15,10,71075
3,54,12,10,22,-6,48420,75.9,142,41,0,1,41,3,56,10,11,21,-4,49693,60.0,123,42,1,3,41,21,2,10,11,38566
0,53,8,8,16,4,44077,55.2,87,33,1,2,49,0,81,18,32,50,10,66654,67.6,179,59,0,3,33,31,-18,21,10,67093
0,82,30,26,56,-8,79996,74.7,201,73,3,4,43,0,61,17,27,44,-5,58303,73.3,104,44,1,1,43,51,-31,32,19,79872
3,53,19,21,40,13,52712,69.0,173,39,0,3,43,3,64,10,19,29,7,57965,59.2,187,52,0,3,43,54,-13,23,31,79494
1,79,7,24,31,-15,97743,52.5,122,84,0,2,54,1,82,9,34,43,24,105945,39.1,127,61,1,1,54,52,9,47,5,110824
1,72,5,6,11,-4,79763,28.9,99,46,0,1,53,1,70,1,8,9,-8,77969,24.3,96,55,0,0,53,1,-2,1,0,9152
2,79,30,48,78,4,94471,89.7,217,62,3,5,34,2,72,18,43,61,-7,79882,80.3,182,52,0,7,34,84,2,60,24,93234
0,20,1,0,1,-9,15310,33.3,34,8,0,1,55,0,57,0,5,5,-2,32460,41.7,51,12,0,1,55,6,0,2,4,29548
0,7,0,1,1,-5,5815,50.0,3,3,1,0,54,0,21,2,1,3,2,12213,42.9,15,4,0,1,54,1,-4,0,1,4721
0,77,13,50,63,14,90117,85.1,178,93,3,2,28,0,74,15,58,73,7,93553,82.0,138,71,1,1,28,61,20,50,11,71990
3,79,12,21,33,-5,84052,68.8,169,48,0,3,31,3,82,15,20,35,-11,81698,76.1,149,52,3,0,31,7,-1,5,2,15681
1,82,21,35,56,-5,121981,54.9,212,78,2,4,34,1,81,12,27,39,22,114610,39.0,151,77,0,1,34,38,0,25,13,121955
1,74,2,15,17,18,90224,32.7,77,27,0,2,47,1,63,4,11,15,8,72208,31.3,56,24,0,1,47,18,18,12,6,80320
0,71,7,11,18,0,64054,62.1,110,27,0,4,31,0,75,7,9,16,-7,59218,72.7,112,33,0,2,31,15,-12,8,7,58404
0,78,22,45,67,-8,96157,84.8,241,61,2,5,49,0,82,14,44,58,-15,94082,59.8,199,79,0,2,49,102,28,68,34,100188
2,57,4,3,7,-3,35178,43.8,49,18,0,0,47,2,11,1,1,2,0,7201,100.0,8,7,0,0,47,0,-4,0,0,9005
0,81,8,13,21,4,70848,72.4,88,38,1,0,38,0,74,3,11,14,-10,57343,73.7,76,30,0,1,38,19,-14,8,11,54644
2,9,1,1,2,1,6040,66.7,7,6,0,0,51,3,14,3,0,3,0,9551,60.0,14,9,0,0,51,14,-14,6,8,28120
1,82,5,32,37,21,117262,40.7,127,55,0,1,37,1,82,6,30,36,-9,114780,43.9,112,40,1,3,29,35,-31,23,12,108938
3,14,0,3,3,1,8627,75.0,7,5,0,0,51,3,3,0,1,1,0,2035,49.461443066516324,3,1,0,0,51,14,1,7,7,30693
1,77,2,10,12,-7,94549,30.8,57,33,0,0,31,1,66,1,5,6,-3,73091,21.4,40,13,0,1,31,2,-4,2,0,30478
1,64,17,29,46,8,77147,57.5,152,74,1,4,49,1,76,7,32,39,-21,89350,48.8,198,99,1,5,49,65,10,52,13,100411
0,2,0,1,1,1,878,100.0,0,1,0,0,53,0,20,6,2,8,-1,18441,72.7,30,12,0,0,53,64,34,39,25,79497
3,80,9,9,18,-4,69452,78.3,116,45,0,2,54,3,76,27,13,40,22,64272,74.1,162,54,3,2,47,36,11,9,27,71129
0,47,6,4,10,-4,38881,45.5,56,28,0,0,55,0,69,19,13,32,-19,71657,68.1,122,49,1,2,55,12,-10,4,8,51694
0,82,13,31,44,-12,89148,78.6,160,51,0,0,42,0,81,26,43,69,23,91487,73.4,177,58,1,8,42,67,13,46,21,86771
0,15,0,1,1,-7,9791,52.7478747203579,22,7,0,0,34,0,46,0,4,4,-5,26938,57.1,40,19,0,0,31,24,3,12,12,43948
0,2,0,0,0,-1,1393,0.0,2,1,0,0,42,0,52,7,2,9,7,30703,50.0,48,22,0,1,42,0,-3,0,0,2022
1,5,0,0,0,0,3503,0.0,2,6,0,0,41,1,49,1,6,7,3,41602,30.4,52,31,1,0,41,3,-3,3,0,13472
1,74,7,28,35,-6,87772,53.0,124,49,0,2,38,1,72,14,22,36,-20,101763,51.4,125,56,1,1,38,33,-14,25,8,87445
1,82,4,9,13,7,112925,28.3,63,41,1,0,44,1,66,4,9,13,-16,86898,28.9,83,53,0,1,44,13,-9,10,3,102662
0,4,0,1,1,-4,2392,50.0,2,1,0,0,30,0,24,0,5,5,6,18337,35.7,21,19,0,0,40,3,-6,1,2,13313
0,20,3,2,5,-4,14238,55.6,29,8,0,0,40,0,4,0,1,1,-3,2640,100.0,11,2,0,0,36,3,0,2,1,3471
1,53,1,5,6,0,56866,20.7,58,28,1,0,39,1,40,2,4,6,-5,38735,33.3,45,19,0,0,39,2,4,2,0,18564
1,76,5,9,14,-3,90487,35.9,150,68,0,0,49,1,67,6,17,23,8,77555,42.6,113,67,1,0,49,16,0,14,2,71826
1,64,2,7,9,3,77232,25.0,73,32,1,0,40,1,30,1,5,6,-14,36603,37.5,40,15,0,0,55,5,-7,3,2,57473
1,72,3,6,9,7,75080,20.9,51,25,0,0,52,1,56,0,6,6,-5,45681,37.5,32,16,0,0,52,9,15,4,5,61107
2,80,14,25,39,8,75393,73.6,178,54,0,4,50,2,61,6,16,22,10,56693,56.4,128,43,0,0,50,31,8,21,10,77478
1,81,5,14,19,-13,108498,37.3,131,51,0,1,32,1,72,4,13,17,-8,95169,33.3,71,38,0,0,32,23,12,19,4,104951
0,16,1,0,1,-2,6814,100.0,10,2,0,0,51,0,58,2,10,12,6,31939,54.5,38,26,0,0,51,9,-13,6,3,35059
2,82,26,39,65,-4,94485,84.4,286,79,1,2,39,2,72,20,33,53,-9,83510,76.8,238,62,0,2,44,93,14,54,39,87286
1,58,3,10,13,-2,74525,37.1,72,27,0,1,55,1,79,1,15,16,-7,91766,28.1,83,34,0,0,37,24,-6,21,3,96903
1,82,12,31,43,-14,97257,62.3,190,78,0,2,34,1,81,13,37,50,12,95665,60.2,222,73,0,5,34,44,1,27,17,105932
0,4,1,1,2,1,3048,100.0,7,0,0,0,34,0,26,2,0,2,-3,15258,40.0,30,10,0,0,34,1,0,1,0,8621
1,72,5,16,21,-5,102918,40.4,147,70,0,0,46,1,49,3,11,14,-21,60139,41.2,74,35,0,0,46,11,-9,10,1,91900
1,79,4,18,22,-14,84865,37.3,122,56,0,1,32,1,81,4,25,29,-19,87092,46.8,108,55,0,0,32,32,-20,22,10,89397
1,10,0,6,6,0,9599,75.0,10,5,0,0,43,1,7,0,0,0,-3,4266,0.0,5,0,0,0,43,0,0,0,0,3339
2,4,0,0,0,-2,1715,0.0,3,0,0,0,33,2,10,1,1,2,0,5476,50.0,8,3,0,0,33,6,-1,3,3,16577
3,67,22,16,38,16,66065,79.2,117,36,0,3,55,3,43,8,12,20,2,41414,60.6,73,30,0,2,51,14,2,12,2,33233
0,64,13,28,41,-5,68342,70.7,141,60,0,1,29,0,71,20,19,39,-17,75486,66.1,169,56,0,2,29,10,-14,5,5,32168
1,5,0,1,1,1,4098,33.3,3,1,0,0,48,1,6,0,0,0,-1,6409,0.0,3,1,0,0,48,1,-21,1,0,36620
1,15,0,1,1,0,11785,20.0,9,8,0,0,54,1,22,1,2,3,3,17169,21.4,16,9,0,0,33,5,0,3,2,25535
3,3,0,1,1,-1,1663,100.0,3,4,0,0,35,2,76,19,12,31,13,58218,70.5,170,40,1,3,35,31,1,20,11,61131
2,79,23,26,49,-11,73865,72.1,150,46,0,3,33,2,78,13,24,37,14,56450,77.1,104,33,0,0,33,24,-3,11,13,44707
3,14,0,3,3,-1,10095,50.0,11,5,0,0,34,3,26,1,4,5,0,14257,62.5,22,8,0,1,34,13,3,9,4,40826
0,76,14,20,34,21,58036,87.2,99,27,0,0,42,0,72,15,11,26,5,59673,61.9,134,40,0,0,42,55,-16,26,29,79224
3,75,13,16,29,-12,62219,67.4,127,34,0,0,30,3,58,2,3,5,-3,32121,29.4,74,23,1,0,30,9,-2,6,3,23617
3,79,14,22,36,4,64762,73.5,133,54,0,2,47,0,76,17,32,49,10,75508,69.0,143,39,0,2,47,44,1,19,25,79131
1,78,10,37,47,21,107950,59.5,181,82,1,5,53,1,79,16,56,72,3,116175,61.5,166,101,2,1,53,63,32,46,17,119430
0,77,13,13,26,-2,69615,76.5,165,57,1,1,38,0,50,8,9,17,-6,46108,53.1,98,31,0,0,38,31,3,18,13,70048
3,75,13,26,39,3,58969,88.6,155,40,0,0,37,3,15,4,3,7,-1,12978,100.0,30,11,0,0,37,0,-1,0,0,4167
2,68,5,7,12,2,54010,75.0,62,22,0,2,39,2,42,4,3,7,-3,27087,58.3,42,9,0,0,39,13,-1,8,5,33927
0,80,30,20,50,10,95167,73.5,149,42,1,3,44,0,82,20,20,40,-20,89407,63.5,142,45,0,3,44,50,11,26,24,86436
0,81,21,25,46,16,77629,65.7,202,61,2,3,51,0,49,10,12,22,-8,50638,68.8,100,37,0,2,51,46,-2,24,22,85801
1,62,6,12,18,9,64745,47.4,55,44,0,1,46,1,76,4,16,20,-1,79885,33.9,87,41,1,1,46,25,20,20,5,74822
1,81,2,22,24,13,108758,40.7,77,35,0,1,35,1,73,5,13,18,12,94148,30.5,61,15,0,2,35,9,-3,8,1,59610
2,78,29,30,59,1,82102,86.8,242,79,3,8,48,2,74,26,35,61,17,78113,69.3,224,79,2,7,48,56,-20,34,22,90562
1,82,6,16,22,-1,107652,36.1,98,37,0,0,36,1,80,11,23,34,13,98941,43.0,84,59,0,2,47,17,-5,13,4,83247
0,65,9,18,27,-16,57197,90.0,138,54,2,3,54,0,48,5,7,12,-16,36720,63.2,79,25,1,3,29,4,-10,3,1,17103
1,29,0,3,3,-3,25672,21.4,17,11,0,0,28,1,32,2,5,7,0,25945,46.7,14,9,0,0,28,0,-3,0,0,11151
3,82,22,29,51,15,82896,62.2,257,65,0,6,50,3,70,21,23,44,16,66995,52.4,223,45,1,4,50,49,2,20,29,72756
0,82,16,24,40,-30,84291,85.1,155,42,0,1,55,0,81,20,32,52,-7,87636,76.5,158,74,0,4,55,44,-1,22,22,74303
3,5,0,1,1,3,3215,33.3,3,0,0,0,47,2,16,0,2,2,-3,10003,50.0,15,9,0,0,47,0,1,0,0,1531
2,76,20,39,59,17,82735,75.6,174,48,0,3,40,2,31,10,16,26,-2,33330,72.2,86,23,0,2,40,69,-2,42,27,94495
2,3,0,2,2,2,1925,100.0,3,4,0,0,43,2,3,0,2,2,1,2147,100.0,3,0,0,0,43,30,-12,20,10,60605
1,7,0,0,0,-1,5955,0.0,12,4,0,0,39,1,12,1,5,6,-1,10441,50.0,14,6,0,0,45,18,-5,15,3,44947
1,60,2,8,10,-17,81229,32.3,74,45,0,1,54,1,72,1,18,19,8,77667,42.2,73,38,0,0,54,10,-4,6,4,44127
1,75,1,24,25,-21,89430,51.0,104,41,0,2,55,1,71,5,14,19,-22,87317,38.8,130,43,0,2,55,6,-9,6,0,67397
0,16,4,2,6,0,15059,100.0,37,20,0,0,54,0,82,10,18,28,2,82149,54.9,156,48,1,0,54,40,22,25,15,85400
1,2,0,0,0,-5,1792,0.0,3,1,0,0,30,1,74,3,11,14,15,72228,29.2,98,41,0,2,45,8,2,6,2,40296
3,79,27,39,66,23,80936,77.6,143,63,0,4,40,3,82,16,30,46,2,83639,60.5,181,56,1,3,40,7,6,6,1,17220
0,81,16,14,30,1,78418,56.6,125,32,0,4,45,0,81,15,16,31,-1,76428,60.8,134,44,0,2,45,35,20,19,16,64812
3,65,4,9,13,3,46251,56.5,92,30,0,0,52,3,51,1,10,11,5,35352,52.4,55,25,0,3,52,17,6,11,6,56765
0,82,30,19,49,-15,80733,87.5,225,56,0,0,33,0,82,18,16,34,14,79022,60.7,211,71,0,0,33,32,1,19,13,74076
0,80,14,46,60,6,84301,78.9,185,49,0,3,45,0,82,14,47,61,1,92671,67.8,154,62,0,3,45,54,13,39,15,87921
2,74,17,29,46,12,73880,67.6,132,42,2,0,58,2,82,24,34,58,25,83610,60.4,129,35,0,1,58,14,-11,9,5,27825
1,14,1,2,3,-6,14977,60.0,13,9,0,1,37,1,61,4,6,10,-10,66815,27.0,91,46,0,1,37,15,10,7,8,78951
1,73,11,16,27,-19,102678,44.3,175,49,0,2,36,1,46,2,15,17,-6,60945,44.7,96,34,0,0,36,25,3,16,9,94623
1,60,6,8,14,-16,87031,33.3,86,49,1,1,33,1,82,5,18,23,23,107366,29.9,116,32,1,3,33,11,-6,8,3,90304
0,69,14,24,38,4,70957,62.3,167,60,1,4,53,0,66,19,26,45,-5,74534,64.3,130,62,0,3,53,50,3,29,21,82580
2,81,18,42,60,25,88896,83.3,153,42,0,2,40,2,69,11,17,28,-15,72080,60.9,118,39,0,1,40,17,2,12,5,41672
1,81,3,28,31,-14,107292,52.5,157,63,0,3,33,1,75,12,30,42,6,105315,56.0,152,58,1,1,33,57,10,41,16,115137
0,59,4,9,13,-1,43501,65.0,80,19,0,1,34,3,54,4,8,12,-2,39514,63.2,75,19,0,0,29,6,-7,3,3,23437
0,58,4,10,14,-21,54017,50.0,86,33,1,0,44,0,38,1,9,10,-1,27924,55.6,44,28,0,0,44,4,-4,2,2,26621
1,81,14,47,61,-3,123853,65.6,198,70,1,2,45,1,72,12,37,49,7,108323,49.0,218,66,1,1,45,53,24,39,14,110117
3,44,4,2,6,-6,24243,60.0,43,14,0,1,38,2,29,1,0,1,-12,18504,50.0,35,15,0,1,35,10,1,4,6,21954
0,76,17,28,45,-15,83327,83.3,260,89,1,6,54,0,82,32,29,61,-7,81570,72.6,236,97,1,2,54,55,2,23,32,80445
1,47,0,4,4,5,42566,18.2,54,19,0,0,40,1,11,1,1,2,-2,8750,50.0,10,5,0,0,40,1,-7,1,0,22772
2,65,20,15,35,-14,82045,92.1,271,85,1,5,31,2,70,28,15,43,-17,80648,75.4,260,76,0,5,31,54,-9,25,29,91617
3,82,46,60,106,17,100419,97.2,287,77,1,2,35,3,82,34,55,89,11,105263,78.1,292,81,1,8,35,76,-20,49,27,99318
3,9,0,0,0,-3,7981,0.0,14,3,0,0,54,3,8,1,0,1,-2,5134,100.0,11,3,0,0,54,9,-1,2,7,25640
1,82,16,66,82,-2,142555,75.9,248,127,2,3,48,1,77,17,54,71,10,123989,66.4,218,111,3,5,48,62,-25,53,9,113914
0,65,10,9,19,5,52742,76.0,96,43,0,2,51,0,67,11,11,22,7,51459,78.6,73,32,0,0,51,19,-5,11,8,56439
0,81,9,11,20,-9,70324,62.5,108,36,0,2,33,0,81,6,19,25,10,65063,58.1,96,33,0,1,33,78,49,35,43,92087
3,36,3,5,8,-7,26896,88.9,42,14,0,1,39,3,79,7,17,24,4,58315,64.9,110,26,0,1,39,19,-8,12,7,51812
1,67,9,34,43,13,101446,58.9,130,51,0,4,35,1,80,6,47,53,22,122960,51.5,183,60,0,0,35,32,-29,30,2,117229
0,11,2,0,2,3,8637,28.6,8,3,0,0,30,0,82,5,7,12,-17,58740,80.0,86,18,0,1,48,2,1,2,0,5516
0,17,1,2,3,-2,12539,60.0,26,7,0,0,35,0,47,6,10,16,15,38030,53.3,60,20,0,0,35,3,1,2,1,5490
0,79,21,32,53,5,92580,94.6,165,98,1,4,28,0,82,22,36,58,8,104814,63.7,186,87,1,5,28,14,-4,6,8,47612
3,82,26,33,59,9,90436,64.1,274,76,1,5,50,3,82,23,47,70,3,88259,69.3,229,61,1,4,50,92,-4,58,34,91935
2,15,0,2,2,-2,9319,40.0,14,6,0,0,39,2,10,1,0,1,1,5554,50.0,10,5,0,0,39,21,-7,10,11,52609
0,81,14,26,40,14,81625,62.5,154,57,0,7,53,2,81,19,17,36,-9,87494,51.4,177,61,1,4,53,47,22,32,15,81170
1,30,4,8,12,-4,39393,50.0,48,29,0,0,39,1,82,12,26,38,7,110061,35.8,201,80,0,4,39,21,-12,16,5,90475
1,76,10,48,58,22,103458,54.2,171,61,0,2,37,1,80,13,36,49,2,112108,44.1,124,67,0,3,37,67,10,59,8,118447
1,9,0,1,1,-1,5569,50.0,11,5,0,0,53,1,29,0,4,4,-4,22592,33.3,27,13,0,0,53,8,4,4,4,23594
0,82,17,39,56,6,98051,66.7,141,58,1,2,42,0,80,18,40,58,27,91753,60.4,139,50,1,4,42,45,9,31,14,90957
0,67,19,17,36,-12,71697,85.7,130,55,1,2,54,0,82,14,18,32,6,84002,40.0,114,37,0,1,54,19,0,12,7,70094
0,81,25,49,74,34,101412,85.1,177,64,0,3,41,0,76,12,40,52,-10,94694,73.2,150,66,1,5,41,92,21,57,35,108658
2,79,21,22,43,10,75636,58.1,158,58,0,4,47,2,75,28,25,53,6,76522,70.7,186,82,0,3,47,37,-2,21,16,54352
0,72,17,46,63,4,87700,79.7,143,58,0,4,30,0,82,23,31,54,-12,89860,74.0,158,67,1,3,30,44,10,27,17,64803
1,64,3,23,26,-21,84516,54.2,61,28,0,1,38,1,57,2,11,13,-7,66530,28.3,67,23,0,0,38,27,-14,23,4,87794
1,81,4,40,44,9,105043,50.6,244,91,1,6,30,1,81,8,43,51,-10,104979,56.0,208,86,0,3,30,59,0,45,14,93030
0,41,0,4,4,-5,33262,50.0,50,18,0,0,35,0,70,5,12,17,7,58886,53.1,83,21,0,1,35,6,-6,5,1,31211
3,77,30,36,66,9,84141,85.7,209,77,2,3,53,3,74,40,45,85,13,86320,82.5,246,89,2,11,53,100,15,61,39,95143
3,42,5,10,15,3,30744,75.0,52,16,1,0,50,3,57,4,12,16,8,36425,69.6,49,22,1,2,50,8,-6,6,2,41489
1,8,0,0,0,-2,5926,0.0,9,3,0,0,34,1,21,0,3,3,-3,17945,42.9,19,11,0,0,34,8,-3,6,2,55319
2,81,9,13,22,13,68336,51.2,92,25,0,3,46,2,72,12,11,23,3,59691,51.1,74,39,0,2,46,3,0,2,1,9311
1,74,1,16,17,8,93393,29.8,99,40,0,0,40,1,47,2,3,5,-26,61766,25.0,42,27,0,0,31,11,6,8,3,63508
2,80,17,23,40,29,80758,55.6,150,58,0,4,50,2,71,9,20,29,0,66088,63.0,134,39,0,1,50,29,8,16,13,58776
0,82,20,57,77,27,85683,85.6,193,53,0,5,58,0,82,19,40,59,18,83410,72.0,170,65,1,3,58,83,3,56,27,89168
2,78,25,21,46,-13,88519,69.7,181,65,1,5,35,2,78,23,8,31,-14,75702,64.6,142,60,0,4,46,29,11,17,12,69612
2,75,20,33,53,-5,85166,81.5,170,38,1,2,36,2,72,18,15,33,-25,81136,68.8,169,49,1,2,36,62,16,37,25,94270
0,80,23,22,45,11,79412,75.0,221,74,0,6,38,0,80,17,15,32,-28,77534,69.6,178,60,2,1,38,63,-9,47,16,97630
1,82,3,15,18,15,110747,40.0,65,38,0,0,44,1,79,4,15,19,21,95509,25.0,85,39,0,1,39,13,10,9,4,82904
2,74,10,7,17,-4,65799,45.9,95,47,0,2,31,0,36,6,5,11,-7,36401,52.4,49,20,1,3,31,17,-30,13,4,67751
0,71,7,14,21,-2,44448,87.5,85,24,0,1,49,0,2,0,0,0,0,1229,0.0,4,0,0,0,49,20,-10,10,10,54043
3,76,6,14,20,-1,63196,54.1,78,31,1,1,48,0,37,1,3,4,-8,20277,50.0,26,7,0,2,34,12,-8,10,2,38443
1,81,5,35,40,-9,109929,48.8,121,50,1,2,46,1,81,11,35,46,-3,110410,49.5,137,67,1,2,46,42,-42,32,10,107621
2,80,15,21,36,-2,69967,59.0,183,56,0,1,46,2,81,34,18,52,9,75759,67.5,191,59,0,1,46,62,-25,22,40,84953
0,79,9,25,34,12,76232,54.8,83,18,0,1,52,0,64,7,15,22,-6,58273,44.9,67,8,0,0,52,8,-8,5,3,39114
2,6,0,0,0,0,2780,0.0,3,2,0,0,49,2,10,1,1,2,-1,5436,100.0,7,3,0,0,49,5,-7,4,1,24542
2,12,5,0,5,2,8868,71.4,20,8,0,1,54,2,13,2,8,10,2,9808,90.9,27,13,0,0,54,4,0,3,1,10145
1,1,0,0,0,0,390,0.0,0,0,0,0,43,1,2,0,0,0,-1,2279,0.0,3,1,0,0,43,1,-5,1,0,18063
1,71,16,51,67,9,114786,72.0,218,50,0,3,50,1,41,5,29,34,2,62774,55.7,122,40,0,1,50,51,-9,42,9,120058
0,82,10,15,25,-21,77649,65.8,107,42,1,2,39,0,78,16,19,35,-2,66630,56.5,120,42,0,3,39,23,-17,14,9,61671
0,75,8,8,16,-10,65519,66.7,167,55,0,4,41,0,82,12,12,24,-6,70224,66.7,145,61,0,3,41,26,-6,12,14,62157
0,68,13,15,28,12,49681,82.4,114,39,0,2,47,0,65,8,12,20,2,42235,71.4,86,28,1,0,47,11,-11,2,9,44512
1,4,0,0,0,-3,3371,0.0,2,2,0,0,37,1,73,6,12,18,8,95795,26.9,99,48,0,4,37,27,19,20,7,105977
0,82,11,28,39,-23,89108,72.2,176,57,0,3,32,0,72,11,34,45,-2,78543,69.2,151,69,0,0,32,44,-8,28,16,86959
1,80,10,18,28,7,105609,44.4,149,59,1,2,28,1,66,6,14,20,13,88900,32.3,94,34,0,4,28,31,16,18,13,94143
0,57,17,25,42,-13,67020,80.8,127,43,0,2,57,0,59,21,26,47,-7,62152,73.4,119,37,1,1,57,43,2,27,16,83314
1,66,4,6,10,9,74713,23.3,90,38,0,0,50,1,82,1,6,7,-7,102209,18.9,84,29,0,0,44,8,7,6,2,56738
0,74,7,10,17,-9,62242,68.0,73,20,0,1,57,0,82,15,14,29,1,78962,52.7,122,38,1,3,57,21,9,13,8,40213
2,81,20,35,55,26,83772,63.2,124,83,0,2,41,2,82,23,27,50,-3,84435,58.1,175,71,0,3,39,34,-12,24,10,78526
1,67,6,13,19,27,80240,29.2,95,34,0,1,50,1,55,1,6,7,17,59611,15.2,66,22,0,0,50,29,-1,22,7,92279
1,28,1,7,8,10,33800,28.6,20,17,0,0,49,1,73,2,16,18,-5,88074,47.4,65,29,0,1,49,21,8,15,6,78611
0,64,6,7,13,7,50502,76.5,79,30,0,1,40,0,82,6,10,16,-7,61819,61.5,91,31,1,2,40,14,-9,11,3,50886
0,72,21,31,52,-4,81501,74.3,245,84,2,6,36,0,82,16,37,53,-14,98124,64.6,251,74,0,7,36,97,11,58,39,88379
0,57,27,31,58,1,66241,89.2,162,51,1,5,50,0,62,33,39,72,18,69263,77.4,191,54,0,3,50,98,16,56,42,88873
1,56,1,6,7,2,55533,29.2,67,28,0,0,49,1,65,3,9,12,-12,70419,33.3,84,31,0,1,49,19,0,12,7,70013
1,71,5,10,15,11,80013,34.9,88,38,0,0,28,1,82,5,12,17,14,91639,28.8,88,40,0,1,28,37,34,30,7,97697
3,10,2,1,3,-6,7020,30.0,18,4,0,2,38,3,60,17,19,36,10,57246,78.3,133,47,0,5,38,48,-1,24,24,83010
2,77,37,24,61,21,85933,85.9,250,67,0,4,30,2,80,39,46,85,18,93295,75.2,226,89,2,3,30,85,25,51,34,80441
0,45,7,11,18,-10,32641,64.3,81,28,0,1,53,0,75,30,21,51,-21,76099,73.9,193,51,0,6,40,75,36,48,27,80871
1,65,1,6,7,-3,65400,24.1,55,34,0,0,54,1,25,1,6,7,3,27071,35.0,22,17,0,0,54,0,-2,0,0,2001
2,82,25,23,48,-22,93620,61.5,216,76,0,5,51,2,82,27,19,46,4,84416,56.1,190,79,1,4,51,47,1,20,27,83580
2,72,12,15,27,-7,53302,65.9,104,33,0,1,39,2,81,27,15,42,13,81345,54.5,178,60,0,5,39,43,1,26,17,73420
2,80,10,9,19,2,50671,57.6,86,31,0,0,46,2,82,5,4,9,0,43776,45.0,66,30,0,0,54,12,0,9,3,23965
1,78,3,17,20,13,97006,33.9,49,21,0,0,51,1,81,4,22,26,10,93441,42.6,57,18,0,1,51,2,3,2,0,12399
1,78,10,21,31,16,98985,43.7,124,72,0,1,41,1,82,9,30,39,-17,106475,50.6,144,78,1,1,41,25,3,16,9,105625
2,81,9,15,24,-9,73827,82.8,109,49,1,3,29,2,77,11,14,25,-8,72438,56.8,109,48,2,1,29,15,-24,9,6,68090
2,55,4,7,11,-4,36621,57.9,52,22,0,1,36,2,64,3,4,7,-14,38220,70.0,73,30,0,2,36,1,-1,0,1,6826
1,3,0,0,0,1,3156,0.0,4,1,0,0,40,1,81,7,10,17,-5,102317,28.3,179,63,0,4,40,27,-1,17,10,103699
0,71,12,16,28,-17,57565,77.8,101,33,0,1,36,2,45,8,4,12,0,36612,54.5,51,22,0,0,57,3,-1,2,1,18100
1,6,1,0,1,-4,6159,33.3,4,2,0,0,46,1,25,2,7,9,-1,21210,45.0,39,13,1,2,46,12,-6,10,2,50322
1,77,4,10,14,6,88323,31.8,62,30,0,2,31,1,76,3,17,20,-7,94415,30.8,79,39,0,1,31,12,-11,9,3,62013
0,69,9,9,18,-6,51841,66.7,106,33,1,2,55,0,29,1,6,7,-1,20245,53.8,44,16,0,0,40,28,11,19,9,54081
3,20,1,1,2,-10,14018,50.0,41,8,0,0,43,3,31,1,4,5,-4,18393,55.6,31,13,0,1,43,1,-1,1,0,9463
3,20,2,2,4,-4,12550,80.0,37,8,0,0,48,3,7,0,0,0,-3,2839,0.0,7,2,0,0,48,5,-5,2,3,15032
0,45,16,32,48,-1,50989,90.6,105,30,0,2,39,0,82,30,70,100,27,103967,78.1,252,72,0,5,39,108,20,67,41,106034
1,73,9,25,34,26,97903,41.0,113,60,0,2,47,1,77,6,36,42,20,112530,43.8,153,67,0,0,47,29,8,25,4,88179
2,21,3,1,4,-14,14092,66.7,25,6,0,1,32,2,57,7,9,16,-11,41031,72.7,74,27,0,0,32,30,-12,14,16,69584
2,84,22,17,39,-7,72035,65.0,156,57,0,1,28,2,72,9,8,17,-23,56906,60.7,116,33,0,1,29,29,-5,16,13,61351
0,15,2,0,2,1,7432,66.7,14,3,0,1,40,0,46,3,4,7,-3,27331,46.7,36,9,1,0,40,4,-4,2,2,15100
2,3,0,0,0,-1,1584,0.0,3,1,0,0,37,2,53,6,10,16,5,34509,69.6,66,28,0,0,37,2,3,2,0,3403
2,82,8,5,13,1,51854,52.0,73,19,0,1,36,2,59,5,1,6,-3,25366,60.0,30,8,0,0,36,4,-11,3,1,21264
1,81,2,12,14,11,91441,28.6,91,54,0,0,41,1,49,2,2,4,1,44292,21.1,47,27,0,0,41,15,26,10,5,91892
0,6,1,1,2,-1,4409,100.0,9,6,0,0,47,0,58,4,4,8,-4,43271,47.1,72,13,0,3,55,0,0,0,0,258
1,47,1,4,5,-15,47648,23.8,30,11,0,1,44,1,51,1,5,6,-9,56813,24.0,48,24,0,0,44,3,7,2,1,32815
1,69,5,7,12,12,85525,21.1,74,21,0,1,48,1,68,0,12,12,13,80877,22.6,69,11,0,0,48,3,11,2,1,38628
2,3,0,1,1,1,2408,50.0,2,3,0,0,33,2,4,0,0,0,-3,2804,0.0,2,2,0,0,33,22,-8,8,14,38444
1,42,3,13,16,0,39803,50.0,59,28,0,1,30,1,61,6,7,13,0,57886,38.2,85,60,1,2,30,41,-4,31,10,95171
0,82,22,21,43,10,73971,82.7,135,49,0,2,47,2,82,22,34,56,17,80523,78.9,132,49,1,6,47,58,-4,35,23,83740
1,71,5,13,18,15,81190,33.3,64,34,0,2,30,1,58,3,10,13,1,61927,37.1,49,21,0,1,30,16,16,15,1,79392
0,71,11,8,19,2,54041,86.4,69,17,0,0,43,0,78,8,9,17,5,58992,58.6,68,30,0,0,43,11,-5,5,6,41049
0,81,27,36,63,-6,93166,71.6,197,67,0,5,34,0,82,27,31,58,-1,86478,71.6,199,64,2,1,34,64,3,33,31,82948
0,80,6,9,15,-2,63816,62.5,94,23,1,2,47,0,82,11,14,25,2,63673,75.8,96,21,0,0,30,12,3,6,6,30892
1,73,4,15,19,-12,86891,43.2,106,47,0,0,44,1,63,12,10,22,-7,71731,52.4,102,54,0,0,44,18,3,11,7,97245
1,33,1,6,7,-7,31498,28.0,44,9,0,0,30,1,17,0,1,1,-4,15836,25.0,19,10,0,1,30,16,-4,10,6,56223
2,81,8,13,21,-5,57849,53.8,111,42,1,0,31,2,81,14,18,32,-4,56408,66.7,134,36,0,4,31,0,-9,0,0,8641
1,11,0,0,0,-4,6998,0.0,8,3,0,0,51,1,4,1,1,2,2,2302,66.7,3,0,0,0,51,4,1,4,0,28015
1,78,6,11,17,5,95985,31.5,101,48,0,3,29,1,77,2,15,17,-13,88604,34.0,81,36,1,1,29,14,-3,12,2,74663
1,35,0,10,10,-1,36232,45.5,47,18,0,0,32,1,27,0,2,2,-11,21339,40.0,17,7,0,0,32,5,8,3,2,23954
1,82,4,21,25,-10,112403,29.8,90,34,0,0,33,1,60,2,9,11,3,65999,26.2,52,19,0,0,33,12,4,11,1,48672
1,82,8,32,40,7,113460,57.1,203,91,0,3,41,1,82,9,19,28,-21,109688,39.4,184,72,1,2,41,42,10,34,8,96131
1,73,9,18,27,6,99068,48.2,140,52,1,2,57,1,11,2,3,5,5,14657,45.5,16,7,0,0,57,36,9,30,6,105417
0,80,14,21,35,17,67756,71.4,106,31,0,4,53,0,74,10,18,28,-4,65645,50.0,114,40,0,2,53,48,6,26,22,83046
2,60,15,21,36,8,60982,73.5,183,63,1,6,47,3,67,23,15,38,9,66186,63.3,195,64,1,5,47,34,-12,13,21,72654
0,64,9,13,22,-5,49752,78.6,76,21,0,0,32,0,81,7,10,17,-1,67094,68.0,125,43,0,3,30,41,16,26,15,70266
3,82,31,27,58,27,93831,66.7,268,87,1,7,45,3,70,23,18,41,-10,74312,67.2,202,57,0,1,45,44,-11,19,25,73166
2,81,26,14,40,-3,76804,80.0,165,46,0,3,46,0,81,20,25,45,-6,76050,71.4,173,40,0,2,46,35,-4,16,19,72464
1,7,0,4,4,1,6225,52.7478747203579,5,2,0,0,31,1,11,0,0,0,-3,8319,0.0,10,2,0,0,31,8,-14,5,3,41692
1,38,0,8,8,-1,35660,50.0,36,20,0,1,37,1,40,0,3,3,-4,37869,15.8,46,15,0,0,37,15,27,12,3,81014
1,8,0,2,2,4,5946,33.3,8,5,0,0,58,1,2,0,0,0,-1,1540,0.0,0,1,0,0,58,1,2,1,0,6109
3,82,20,23,43,9,76474,66.2,159,59,1,2,42,3,82,25,32,57,17,74153,68.7,186,45,0,2,42,32,14,14,18,56705
0,81,20,32,52,1,86119,80.0,181,69,0,2,46,0,79,17,24,41,-19,81281,69.5,162,54,1,2,38,33,1,17,16,75023
2,67,8,9,17,-8,52901,73.9,90,27,0,0,51,2,59,7,6,13,-12,52834,72.2,85,23,1,0,36,26,6,11,15,66196
1,82,5,27,32,10,121335,39.5,150,65,2,3,58,1,78,5,34,39,20,103784,47.6,154,61,0,1,58,29,24,22,7,92237
3,1,0,0,0,0,602,0.0,0,0,0,0,28,3,44,8,2,10,6,29371,62.5,63,17,1,2,28,27,12,14,13,57398
0,52,0,5,5,0,27759,45.5,49,24,0,1,41,0,46,4,4,8,-3,29962,72.7,39,27,0,2,41,8,-13,4,4,40562
2,71,10,14,24,1,66566,80.0,81,50,0,3,32,2,82,7,5,12,-12,62576,63.2,104,40,0,1,32,7,-11,5,2,47573
2,6,0,0,0,-2,3650,0.0,2,1,0,0,38,2,11,1,0,1,-1,6682,50.0,19,3,0,0,38,15,6,8,7,44590
0,55,12,22,34,-9,62906,66.7,109,32,1,5,39,0,82,18,25,43,-10,87045,71.7,200,42,0,2,39,48,10,24,24,67295
1,69,3,7,10,-13,83755,22.7,120,51,1,0,39,1,44,5,6,11,0,44927,37.9,85,25,0,0,39,26,15,20,6,109469
0,22,6,7,13,1,21566,108.3,43,26,1,1,54,0,81,22,39,61,-3,77820,82.4,205,76,0,5,54,61,20,41,20,82107
3,82,17,26,43,-2,74638,70.5,161,38,3,2,38,3,76,12,36,48,0,79502,70.6,165,60,1,2,38,40,-2,19,21,87828
0,20,3,4,7,-1,13416,63.6,10,3,0,0,31,0,11,0,1,1,-6,5235,50.0,3,0,0,0,31,0,0,0,0,496
0,71,21,39,60,-16,92591,88.2,157,38,0,4,31,0,72,20,35,55,-1,92700,63.2,189,49,0,7,31,61,-23,37,24,101170
1,82,4,17,21,8,100257,40.4,63,48,1,2,37,1,52,2,7,9,-4,57011,30.0,37,32,0,1,35,8,1,4,4,53383
1,17,0,5,5,1,22123,31.3,24,8,0,0,39,1,2,0,0,0,-1,2074,0.0,2,1,0,0,39,15,-11,10,5,67701
3,79,22,42,64,-4,86295,83.1,202,65,1,4,46,3,65,19,26,45,-7,73983,63.4,156,55,0,2,31,44,-34,29,15,77644
1,19,0,2,2,-5,14496,33.3,13,5,0,1,37,1,41,5,2,7,-4,39878,30.4,33,11,0,1,37,17,7,12,5,67975
1,2,0,0,0,0,1103,0.0,1,1,0,1,42,1,13,0,3,3,-1,10516,33.3,7,6,0,0,42,8,0,8,0,31424
1,82,8,21,29,8,78850,47.5,90,34,0,3,58,1,82,6,27,33,30,96107,38.8,125,41,0,1,58,31,10,21,10,113794
1,41,3,7,10,11,48734,25.0,31,14,0,0,58,1,79,0,14,14,32,84306,23.0,93,33,0,0,58,10,-9,10,0,94113
3,80,26,25,51,16,91024,60.0,185,64,0,7,58,3,68,33,23,56,28,72848,58.9,143,70,2,3,58,47,2,29,18,81747
1,5,0,1,1,-2,4873,50.0,4,3,0,0,38,1,66,3,9,12,2,71173,30.0,89,35,0,1,38,7,-3,7,0,37416
2,79,50,21,71,21,96262,65.1,398,158,0,8,58,2,82,33,36,69,6,90361,65.1,313,129,1,12,58,87,3,38,49,99110
2,48,3,6,9,-9,37008,64.3,88,33,0,0,52,2,32,8,5,13,9,23339,68.4,51,11,0,1,52,12,-11,4,8,59015
2,82,30,34,64,-10,91154,84.2,303,117,2,3,43,2,81,35,32,67,15,93198,73.6,268,113,0,4,43,37,-16,20,17,73007
0,82,19,24,43,17,82175,87.8,133,30,0,2,48,0,82,12,21,33,13,79363,71.7,169,56,0,4,48,29,-14,15,14,78338
3,63,5,8,13,-10,40629,76.5,76,32,0,0,39,3,14,2,2,4,2,7496,100.0,15,7,0,0,39,3,1,1,2,24464
2,62,16,24,40,10,66659,70.2,117,41,0,1,53,2,75,17,35,52,8,86028,62.7,162,52,1,1,53,35,16,24,11,57107
3,82,30,27,57,3,87600,85.1,222,74,1,3,44,3,80,26,27,53,2,83275,70.7,192,79,0,5,44,44,-1,20,24,64392
2,80,30,47,77,8,88898,84.6,187,54,2,8,35,2,82,31,43,74,18,95798,71.2,211,82,0,8,35,82,23,55,27,97835
2,30,6,2,8,4,19501,61.5,39,17,0,0,35,3,82,22,22,44,14,72490,65.7,155,43,1,7,35,35,7,21,14,65652
0,56,6,5,11,-2,42804,91.7,50,24,0,1,53,0,58,4,6,10,-6,40102,71.4,68,26,1,4,53,9,-5,4,5,34279
1,79,9,24,33,28,91894,42.9,165,73,0,1,52,1,81,4,31,35,7,103018,46.1,188,63,0,2,52,35,-7,29,6,111263
2,70,25,28,53,-3,81026,91.4,234,76,0,5,42,2,69,19,23,42,-3,72156,64.6,194,50,0,6,42,24,0,9,15,43049
3,51,15,11,26,3,42672,83.9,108,25,0,3,30,3,75,34,36,70,11,80921,71.4,261,95,0,4,30,80,10,45,35,88392
1,38,1,6,7,-8,38187,41.2,32,16,0,0,43,1,36,1,8,9,-1,33312,42.9,42,22,1,0,37,13,6,12,1,85918
2,24,2,3,5,-3,17559,52.7478747203579,28,11,0,0,48,2,1,0,0,0,-2,989,0.0,4,2,0,0,48,1,-4,0,1,5212
0,82,38,40,78,25,97494,69.6,224,90,1,1,51,0,81,29,39,68,11,92910,71.6,233,101,1,7,51,66,0,44,22,94737
2,79,15,21,36,11,68543,85.7,137,60,0,4,41,2,80,24,20,44,5,78336,61.1,187,83,1,3,41,40,11,25,15,78561
1,9,0,2,2,-1,9493,50.0,8,2,0,0,46,1,44,3,7,10,-5,44442,37.0,40,17,0,0,46,19,7,16,3,90203
0,71,9,32,41,-11,70499,64.1,133,45,0,0,57,0,65,13,32,45,-11,63525,61.6,134,46,1,3,57,39,4,22,17,60725
2,71,12,24,36,-1,64806,67.9,147,47,0,2,28,2,82,18,28,46,-2,85106,64.8,151,61,0,3,52,66,1,50,16,74795
3,82,34,28,62,2,87122,74.7,215,82,0,8,28,3,82,19,34,53,2,87162,71.6,215,95,1,5,28,49,-4,32,17,75730
1,69,4,12,16,-7,77700,44.4,85,43,0,1,32,1,82,2,18,20,23,104325,24.7,108,53,1,1,32,19,-6,16,3,81526
2,26,2,4,6,2,18326,66.7,25,14,0,1,57,2,54,1,12,13,-13,35316,56.5,57,25,2,0,57,2,0,0,2,7572
1,66,2,15,17,17,67144,37.0,53,25,0,0,40,1,49,1,13,14,-1,53361,40.0,55,28,0,0,40,13,-2,11,2,58920
1,51,5,11,16,-6,65350,48.5,98,44,0,0,43,1,80,8,20,28,3,106152,35.4,172,76,0,3,43,42,-30,30,12,115595
1,71,4,28,32,-7,95197,62.7,144,81,0,2,48,1,81,9,21,30,-6,111982,37.5,156,54,0,2,48,26,-15,20,6,94786
2,7,1,1,2,0,5054,200.0,10,1,0,0,44,2,10,0,1,1,-5,7822,50.0,9,3,0,0,44,0,0,0,0,1135
1,73,7,30,37,10,115215,52.9,182,52,0,3,52,1,80,14,34,48,3,121353,45.7,181,57,1,1,52,54,8,39,15,120447
0,61,14,15,29,-4,53130,82.9,128,61,0,3,28,3,60,8,10,18,-8,44198,45.0,96,46,1,3,47,3,3,0,3,2114
0,82,14,40,54,4,91178,74.0,189,58,1,2,43,0,78,10,18,28,10,78712,58.3,139,39,0,3,43,26,1,20,6,69929
1,79,1,15,16,6,90803,42.1,91,49,0,0,51,1,75,4,7,11,10,80643,25.0,64,38,0,0,54,12,5,10,2,57163
3,75,11,25,36,10,73637,62.1,187,42,1,6,42,3,78,13,34,47,2,66579,78.3,176,53,3,3,42,34,-17,18,16,73323
1,26,2,0,2,-3,17866,18.2,24,13,0,0,57,1,65,1,13,14,3,42332,51.9,50,18,0,0,57,1,-2,1,0,8590
2,55,14,22,36,-6,52963,75.0,109,40,0,1,39,2,67,8,6,14,-5,56497,51.9,77,35,1,0,39,19,-8,6,13,60751
1,22,0,7,7,4,20398,53.8,25,10,0,0,50,1,11,0,0,0,-4,9824,0.0,11,4,0,0,50,22,-22,19,3,76048
0,62,6,11,17,5,41776,58.6,88,22,3,2,46,2,50,5,13,18,-9,38912,72.0,71,16,0,2,46,2,-3,1,1,10082
1,54,0,3,3,1,36882,20.0,20,9,0,0,42,1,39,2,5,7,0,29789,35.0,20,18,1,0,42,9,8,6,3,46041
1,64,3,6,9,-6,62103,29.0,69,20,0,2,33,1,29,0,6,6,-1,24302,31.6,13,8,0,0,33,0,-2,0,0,3357
1,15,2,2,4,1,14156,30.8,15,11,1,1,46,1,1,0,0,0,1,237,0.0,0,0,0,0,46,32,-4,22,10,75096
1,55,1,10,11,-1,52480,36.7,44,26,0,1,31,1,82,4,13,17,0,91319,34.7,86,38,0,0,40,16,-8,13,3,92305
1,47,4,7,11,1,55733,39.3,62,16,0,0,38,1,73,6,9,15,4,78375,34.9,79,16,0,1,33,3,-4,3,0,15418
0,2,1,0,1,0,2131,50.0,5,5,0,0,46,0,61,5,13,18,-2,45826,50.0,82,16,1,0,46,3,-2,3,0,14787
2,82,13,18,31,9,70353,66.0,132,60,1,0,49,2,52,8,3,11,-7,41378,57.9,63,25,0,1,49,22,9,9,13,60441
0,72,20,23,43,-1,69431,65.2,170,75,0,2,28,0,71,33,18,51,10,74065,73.9,177,78,1,4,28,69,6,35,34,89705
3,9,0,0,0,-7,4837,0.0,9,2,0,0,36,3,75,20,18,38,-25,81262,56.7,133,56,0,2,36,84,0,55,29,92159
0,80,21,27,48,-6,81519,69.6,160,70,2,3,32,0,82,16,29,45,-10,85088,67.2,186,45,1,2,32,31,0,17,14,65523
0,44,4,5,9,9,24192,50.0,42,11,0,0,35,0,68,4,4,8,-4,48254,44.4,77,14,0,0,35,4,4,3,1,14431
3,13,4,2,6,1,7244,100.0,16,5,0,1,52,3,9,0,2,2,-2,5799,100.0,10,3,0,0,32,9,1,4,5,12996
0,9,0,0,0,-1,6799,0.0,15,8,0,0,40,0,24,2,1,3,-3,13824,60.0,21,5,0,0,40,1,0,1,0,1985
3,79,11,15,26,-5,72300,76.5,127,59,0,2,49,3,63,10,9,19,3,52146,67.9,92,31,1,0,49,1,-2,0,1,12428
3,64,3,1,4,-6,30831,66.7,31,10,0,0,52,3,80,7,6,13,4,42648,50.0,58,24,0,1,52,10,-7,6,4,36004
1,37,2,4,6,5,26149,31.6,22,17,0,1,36,1,16,0,5,5,6,11818,41.7,12,7,0,0,43,0,1,0,0,2606
1,29,1,6,7,-4,21024,53.8,27,5,0,1,42,1,17,1,0,1,1,12629,11.1,19,10,0,1,42,18,-5,16,2,51172
0,79,23,19,42,-8,79803,61.8,165,55,0,3,31,0,79,17,30,47,-11,81609,57.3,178,50,0,5,31,50,-24,25,25,84139
3,82,11,20,31,8,76858,79.5,117,37,0,2,29,3,16,5,4,9,-1,14732,90.0,25,7,0,0,29,15,-24,12,3,67337
3,82,14,23,37,-21,85143,78.7,189,74,3,2,29,3,80,16,18,34,-8,83103,75.6,155,64,1,4,29,25,-12,13,12,68573
1,82,9,27,36,-17,114277,59.0,167,114,2,4,54,1,76,6,21,27,-20,101089,39.7,170,77,0,1,54,52,-4,46,6,98495
1,82,9,32,41,-21,124381,51.3,202,58,0,3,31,1,79,6,39,45,-9,125458,45.0,186,59,0,2,31,41,-25,35,6,116067
3,8,0,1,1,-3,5569,25.0,15,5,0,0,37,3,78,16,8,24,11,60355,61.5,167,64,0,4,37,14,1,7,7,46175
2,33,2,2,4,-2,23289,50.0,55,22,0,2,28,2,77,14,14,28,4,59992,71.8,149,57,0,2,28,27,3,17,10,60110
2,2,1,1,2,2,1410,200.0,8,2,0,0,31,2,30,4,2,6,-7,23265,75.0,51,23,0,0,31,25,-10,18,7,40116
2,80,13,16,29,11,66514,78.4,111,54,0,0,37,2,60,12,15,27,1,55866,61.4,82,38,1,0,37,17,1,12,5,54451
1,1,0,0,0,0,930,0.0,1,0,0,0,31,1,34,2,8,10,9,35366,32.3,45,18,0,0,50,5,-8,3,2,41516
1,62,4,15,19,-5,85842,32.2,70,55,0,1,37,1,68,1,12,13,5,86565,28.9,68,33,0,3,39,21,-7,17,4,89240
3,41,4,7,11,1,30744,68.8,68,26,0,2,50,3,57,15,13,28,4,46636,68.3,110,35,0,0,50,38,11,25,13,66443
3,81,22,34,56,-9,83470,86.2,183,65,0,0,48,3,62,13,12,25,-3,57801,51.0,111,49,0,0,48,33,-12,22,11,61163
0,6,2,0,2,1,4393,50.0,5,0,0,0,32,0,67,11,18,29,-8,59864,70.7,73,28,0,1,32,38,-15,23,15,74909
2,78,31,22,53,1,80582,79.1,233,75,2,2,33,2,82,24,29,53,23,83786,75.7,210,72,1,6,33,35,-10,17,18,86120
3,61,5,5,10,-1,43923,62.5,61,29,0,1,45,3,5,0,0,0,-1,3664,0.0,3,2,0,0,45,8,-8,6,2,35773
1,1,0,0,0,2,875,0.0,1,0,0,0,44,1,38,2,5,7,-6,36670,41.2,46,15,0,1,44,10,0,8,2,43792
1,65,4,21,25,-7,90373,43.1,122,57,2,1,33,1,74,6,17,23,33,96940,31.1,135,63,0,2,33,16,2,12,4,94187
1,41,2,6,8,5,42743,33.3,29,10,0,0,55,1,82,2,11,13,-1,93364,28.3,75,30,0,0,55,14,8,12,2,35137
1,73,5,16,21,6,90666,39.6,126,63,0,1,42,1,71,4,9,13,-2,78122,25.5,88,32,1,2,42,22,-15,17,5,114719
0,71,11,12,23,6,54007,69.7,125,36,1,1,37,0,80,9,15,24,-16,70241,68.6,172,46,0,2,40,24,6,13,11,61284
0,17,1,2,3,3,8490,60.0,18,4,0,0,31,0,59,7,7,14,-6,43436,66.7,89,39,0,2,30,22,-5,10,12,65339
0,71,29,32,61,16,79018,83.6,194,62,1,6,57,0,79,32,50,82,18,97447,72.6,160,50,0,7,57,60,19,37,23,74442
0,80,26,33,59,3,81091,72.8,178,63,2,7,49,0,79,25,30,55,-13,84404,62.5,178,79,1,3,49,70,10,42,28,97049
1,72,4,12,16,-2,75908,33.3,76,33,0,0,41,1,78,1,7,8,-9,84469,20.5,94,41,0,0,29,7,-12,6,1,62916
1,67,6,13,19,-22,74969,39.6,104,32,1,1,44,1,62,2,16,18,4,62297,42.9,118,46,0,0,51,5,3,4,1,40104
1,72,2,14,16,12,78061,37.2,80,43,2,1,58,1,60,3,14,17,22,55723,35.4,60,31,0,1,58,36,19,31,5,101419
0,26,2,2,4,2,14689,44.4,30,6,1,0,42,0,37,6,7,13,5,21710,86.7,37,9,0,3,42,2,-4,1,1,9421
1,63,4,14,18,-15,69721,37.5,82,38,0,3,50,1,78,12,39,51,27,95699,45.1,155,42,0,3,50,27,22,23,4,73759
2,33,8,14,22,8,34063,75.9,63,19,0,2,52,2,78,19,36,55,14,88482,65.5,179,56,2,4,52,59,15,35,24,72141
1,81,14,35,49,6,110918,57.6,167,55,2,3,35,1,79,3,36,39,5,103767,45.9,131,56,1,3,35,26,-3,19,7,98159
2,82,28,33,61,7,90202,83.6,258,76,0,6,55,2,82,15,29,44,-16,90456,71.0,216,64,0,5,55,55,-21,32,23,74214
0,74,11,44,55,0,81602,87.3,99,31,0,0,55,0,82,15,35,50,-27,93680,78.1,99,26,0,4,55,50,-22,47,3,76498
0,72,33,40,73,2,83991,76.8,278,99,2,4,37,0,82,26,46,72,-15,90826,73.5,301,92,1,8,37,78,12,38,40,102870
1,61,1,11,12,-1,70995,29.3,66,23,0,0,30,1,73,5,17,22,25,85089,33.3,89,21,0,1,46,5,-9,5,0,30043
1,81,6,24,30,-15,106136,43.5,155,59,1,1,39,1,80,8,27,35,14,103118,46.1,128,64,0,0,39,8,-15,8,0,35274
1,72,1,20,21,-8,78472,44.7,94,46,0,1,44,1,80,3,28,31,-31,97691,52.5,125,54,2,2,44,24,-8,15,9,89740
2,76,20,35,55,-3,80337,69.6,226,91,1,6,37,2,48,8,10,18,-22,45917,72.0,146,46,0,2,37,21,-16,11,10,54111
1,72,14,30,44,-14,96864,61.1,180,65,0,5,52,1,80,13,43,56,-7,95715,60.9,161,56,0,0,52,23,-14,18,5,55951
3,78,14,20,34,11,68567,66.7,153,55,2,1,35,0,68,12,17,29,4,62023,55.8,127,35,2,3,43,20,-8,10,10,48377
3,53,5,2,7,-7,38926,43.8,72,23,0,2,40,0,55,3,7,10,3,32040,55.6,59,15,1,2,28,14,-6,10,4,51327
0,81,14,11,25,-8,74022,61.0,128,37,1,0,38,0,80,2,11,13,-29,67064,41.9,109,49,1,0,38,32,4,21,11,71291
2,44,7,3,10,-1,25748,71.4,51,13,1,0,50,2,61,23,30,53,24,58332,75.7,154,39,1,2,50,30,2,12,18,66110
0,3,0,0,0,2,2181,0.0,1,0,0,0,37,0,82,13,20,33,-4,69547,73.3,115,54,0,2,37,32,-30,21,11,75908
0,68,3,7,10,-10,50617,76.9,90,33,0,1,41,0,70,6,11,17,-2,53712,65.4,79,37,2,2,41,19,-3,14,5,54407
3,82,20,19,39,8,83514,97.5,215,74,0,4,28,3,79,23,26,49,10,87616,74.2,227,69,0,7,28,40,6,23,17,82977
3,81,32,28,60,-7,83758,71.4,229,86,0,3,49,3,82,31,23,54,-18,93343,60.7,224,87,1,6,49,46,-16,22,24,81394
0,3,0,1,1,0,1093,100.0,2,0,0,0,50,0,2,0,1,1,-1,1565,100.0,2,2,0,0,50,12,2,8,4,22616
0,34,4,2,6,5,20317,46.2,25,8,0,1,45,0,58,8,2,10,11,38708,41.7,42,14,0,0,45,27,2,18,9,78218
2,82,28,23,51,-2,80129,83.6,258,75,1,4,32,2,79,37,26,63,-3,84081,77.8,281,88,3,7,32,49,-27,25,24,82203
1,7,0,0,0,1,7448,0.0,6,3,0,0,47,1,80,5,34,39,11,83821,50.0,127,42,0,3,47,25,-27,21,4,103443
1,63,2,18,20,1,79331,47.6,84,40,0,1,32,1,82,5,29,34,23,115316,40.5,99,55,0,2,32,30,1,22,8,111132
2,11,0,1,1,-5,5736,50.0,5,4,0,0,39,2,41,4,6,10,5,27342,83.3,55,16,0,0,39,12,-4,6,6,35431
1,63,3,12,15,1,66540,35.7,82,31,1,1,38,1,51,3,6,9,1,58880,25.0,62,32,0,0,38,8,2,7,1,45322
3,82,21,16,37,4,74709,57.8,199,71,0,4,45,3,78,12,17,29,7,64692,60.4,155,75,0,6,45,51,20,26,25,72909
3,82,25,25,50,19,91566,69.4,173,53,0,5,40,3,80,15,22,37,-13,88096,63.8,160,51,1,0,40,60,31,38,22,72056
0,81,25,11,36,16,74843,72.0,121,51,1,3,48,0,74,16,16,32,6,72721,71.1,137,55,0,1,48,19,-32,14,5,68217
3,64,14,11,25,-3,47203,78.1,94,31,0,0,44,3,53,4,5,9,-19,42950,81.8,76,24,0,0,44,16,-6,9,7,55570
0,82,12,39,51,-7,88634,87.9,163,52,0,2,36,0,80,6,8,14,-26,64537,48.3,128,42,0,2,36,37,0,21,16,80171
3,11,2,3,5,-4,10310,83.3,33,9,0,0,54,3,56,5,4,9,1,36450,50.0,70,34,0,2,54,2,-2,1,1,9916
0,75,33,30,63,4,74340,77.8,202,80,2,4,37,0,68,15,35,50,-18,65977,66.7,149,63,2,6,37,26,-12,18,8,60868
0,80,13,36,49,-9,72677,76.6,162,50,1,4,30,0,78,12,28,39,-8,65964,60.0,146,35,0,1,30,41,6,28,13,54133
1,77,11,18,29,11,104775,37.7,122,56,1,0,42,1,76,10,28,38,33,109591,38.8,144,50,0,5,42,37,-6,28,9,89837
0,83,13,26,39,-2,92406,65.0,199,94,0,4,47,0,82,28,37,65,17,91548,72.2,211,62,0,1,42,76,8,34,42,87635
0,82,20,28,48,6,90039,81.4,151,62,2,2,32,0,75,16,29,45,-1,83977,64.3,164,63,0,3,32,46,-4,27,19,91249
1,77,2,13,15,2,90918,34.9,65,27,0,1,47,1,72,3,7,10,9,82842,18.2,70,34,0,0,47,8,11,7,1,80059
3,78,21,17,38,-23,83646,74.5,187,39,0,1,57,3,58,8,13,21,6,47331,55.3,109,22,0,0,30,15,-20,7,8,49062
0,80,6,11,17,-4,60948,58.6,58,22,0,2,34,0,81,6,17,23,3,61631,76.7,59,32,0,1,34,12,4,8,4,44614
0,77,36,28,64,3,91266,82.1,216,88,2,5,53,0,17,9,11,20,3,18234,80.0,58,16,0,2,53,86,18,59,27,87864
0,64,10,39,49,3,73542,74.2,103,47,1,3,52,0,66,18,22,40,4,75793,58.0,112,29,0,4,52,53,1,37,16,90059
3,82,19,32,51,4,88283,81.0,146,48,1,3,30,3,82,16,24,40,2,77952,60.6,131,51,0,5,32,9,-8,6,3,27688
0,72,22,31,53,5,76703,75.7,192,59,1,2,47,0,81,17,38,55,19,90437,67.1,209,50,1,4,47,56,-7,42,14,94795
0,9,0,0,0,-3,4243,0.0,2,1,0,0,58,0,4,0,0,0,0,2131,0.0,3,0,0,0,58,18,13,12,6,47713
3,56,8,12,20,2,36271,69.0,78,31,0,1,28,3,79,13,8,21,3,49244,80.8,82,27,0,0,42,16,-5,6,10,34805
3,75,23,38,61,-4,90511,82.4,151,60,2,3,48,3,71,22,32,54,12,79072,63.5,134,53,0,1,48,62,9,42,20,71942
1,75,6,30,36,-10,101099,52.9,161,83,1,1,29,1,64,3,12,15,0,76099,34.1,81,46,0,0,29,10,-11,7,3,82396
1,73,9,25,34,16,96700,51.5,127,45,2,1,53,1,73,5,17,22,1,100304,32.4,130,52,0,1,53,18,29,14,4,103137
1,62,6,17,23,-1,81373,46.9,110,46,0,1,49,1,68,6,21,27,-12,76492,49.1,114,39,0,1,49,0,-2,0,0,1706
3,71,8,20,28,-9,66702,62.2,132,44,0,0,46,3,69,13,17,30,-8,60476,66.7,114,39,0,3,46,34,-4,21,13,74883
1,68,6,45,51,4,107558,50.0,176,67,3,2,43,1,66,10,30,40,-8,96640,52.6,142,52,1,1,45,59,18,43,16,118644
0,18,1,3,4,0,11136,80.0,13,5,0,1,50,0,10,0,0,0,-4,5504,0.0,9,0,0,0,50,5,-5,4,1,26401
1,77,4,17,21,-2,77784,44.7,65,33,0,1,53,1,80,3,11,14,-10,84427,35.0,93,24,0,2,53,7,-5,5,2,33895
1,82,8,43,51,10,140677,49.5,188,64,0,4,42,1,82,9,31,40,34,132469,34.5,164,57,1,4,42,51,-1,45,6,125318
0,20,5,4,9,3,21572,64.3,45,15,0,1,55,0,81,17,17,34,-20,91382,65.4,160,59,3,5,55,26,8,15,11,63375
2,3,0,0,0,0,2168,0.0,4,2,0,0,57,2,51,2,2,4,-6,32672,50.0,54,14,0,0,57,18,13,10,8,46340
3,80,40,34,74,7,89461,87.1,292,93,3,6,52,3,82,39,36,75,-1,90872,77.3,286,100,3,9,52,66,15,33,33,91474
2,81,21,24,45,4,69747,75.0,166,57,1,4,38,2,82,25,21,46,-8,85004,65.7,166,69,1,6,38,34,-19,14,20,80026
0,78,33,37,70,6,93574,78.7,250,77,2,4,46,0,77,28,38,66,4,94335,68.8,260,92,4,5,46,84,-12,47,37,98032
1,29,1,3,4,1,18288,30.8,23,13,0,0,51,1,45,0,6,6,-13,35874,28.6,36,14,0,0,32,0,-8,0,0,16175
0,78,13,22,35,-2,71814,81.4,136,45,0,2,35,2,81,15,27,42,-6,78927,68.9,169,65,1,2,32,64,8,41,23,83085
1,19,3,5,8,7,21784,44.4,28,10,0,2,28,1,34,2,7,9,-6,35319,32.1,60,28,0,1,28,29,5,23,6,74489
0,49,3,3,6,-1,34084,50.0,42,14,1,0,28,0,30,1,1,2,4,18694,33.3,19,5,0,0,28,17,-1,12,5,52858
3,82,6,6,12,-1,49797,52.2,70,22,1,0,57,3,64,3,1,4,-7,26789,40.0,36,9,0,0,57,7,-4,6,1,21115
0,82,19,63,82,25,90343,74.5,121,42,1,6,51,0,79,7,43,50,7,85607,58.8,81,35,1,1,51,36,-9,23,13,51733
0,79,7,13,20,-16,62531,83.3,96,28,0,2,51,0,80,11,12,23,0,70098,60.5,90,22,0,3,51,40,0,23,17,78719
0,80,28,30,58,16,92390,80.6,179,45,1,3,35,0,72,21,37,58,7,87066,70.7,199,47,0,2,35,52,-1,32,20,87426
0,82,31,27,58,35,85179,70.7,213,97,1,4,41,0,63,16,18,34,6,62694,64.2,165,73,1,1,41,47,9,23,24,79304
0,76,25,28,53,15,81032,76.8,175,60,0,5,40,0,82,23,31,54,-13,102473,68.4,230,102,0,5,40,75,-9,44,31,105112
1,81,6,15,21,10,107243,31.8,133,44,0,0,57,1,60,8,25,33,4,89868,47.8,154,60,2,2,57,24,9,21,3,72263
0,57,13,17,30,-15,67390,68.2,122,44,1,3,48,0,78,27,28,55,-3,91261,72.4,185,55,1,7,48,51,19,35,16,75761
3,70,6,8,14,5,45980,58.3,113,34,1,0,52,3,73,10,8,18,-1,48107,72.0,85,23,0,1,52,19,-1,12,7,41027
2,40,14,15,29,3,42631,87.9,129,47,0,2,54,2,82,29,33,62,-2,78179,71.3,238,74,1,4,54,54,1,18,36,72385
1,82,3,11,14,-5,98320,27.5,85,36,1,0,35,1,58,5,11,16,17,64062,30.2,73,30,0,0,35,16,9,13,3,80818
2,74,18,23,41,-10,69312,77.4,146,43,1,2,42,2,68,17,31,48,-5,58769,81.4,133,37,0,2,38,56,-3,32,24,67621
1,71,9,29,38,8,90797,56.7,140,54,0,3,28,1,71,3,21,24,3,92289,32.0,117,51,1,1,28,32,-7,28,4,96773
0,39,8,3,11,-3,27800,78.6,99,25,0,0,30,0,44,10,8,18,-3,35581,69.2,116,41,0,3,30,10,3,3,7,26664
0,76,17,21,38,-14,75883,66.7,123,31,0,1,29,0,72,9,19,28,-7,68703,57.1,88,43,0,0,28,16,-5,8,8,52799
3,77,15,23,38,0,71092,79.2,156,73,0,4,41,3,69,15,22,37,-3,60971,74.0,136,41,0,1,34,8,-8,5,3,18983
3,55,7,6,13,-7,38161,52.0,94,40,0,2,55,3,10,0,1,1,1,6087,100.0,13,4,0,0,55,20,-11,10,10,53939
1,67,8,31,39,15,92982,54.2,116,71,2,2,51,1,75,6,22,28,4,95555,43.8,144,67,1,2,51,32,9,21,11,109586
3,73,11,44,55,-5,81407,78.6,213,61,1,5,49,3,82,20,41,61,-24,93911,68.5,253,88,1,4,49,85,10,65,20,95729
3,63,13,14,27,-30,60657,81.8,199,54,0,2,55,3,81,20,35,55,-18,82121,76.4,233,73,0,7,29,14,-7,9,5,32521
0,43,4,2,6,-2,23620,85.7,55,16,0,0,28,0,43,6,1,7,2,24142,70.0,40,19,0,0,28,16,-10,9,7,62938
3,79,21,22,43,-15,80452,72.9,138,57,0,1,51,3,78,10,19,29,-2,74613,65.9,105,55,0,4,51,12,-2,7,5,37047
1,22,1,1,2,-9,22603,22.2,40,24,0,0,44,1,7,0,1,1,-3,6608,20.0,14,9,0,0,50,5,4,5,0,12859
2,57,3,7,10,-4,34209,76.9,55,15,0,1,45,2,77,5,12,17,14,57408,56.7,90,25,0,0,45,19,2,5,14,56232
0,14,0,0,0,1,7863,0.0,4,4,0,1,49,0,23,8,4,12,5,19749,80.0,49,13,0,0,49,21,-10,13,8,53613
1,78,20,31,51,-7,118764,58.6,189,88,0,3,45,1,78,17,25,42,20,117286,48.8,183,96,0,5,43,16,-8,10,6,39543
1,45,0,7,7,-17,50841,23.3,65,32,0,2,55,1,73,1,7,8,1,52209,22.9,72,24,0,0,45,5,2,3,2,34002
3,71,14,13,27,4,57147,61.4,136,29,0,5,35,3,64,8,7,15,1,49466,46.9,94,28,0,0,49,8,-7,4,4,29180
3,82,26,52,78,8,97354,86.7,256,100,1,6,57,3,82,26,48,74,6,99099,74.7,259,82,1,3,57,91,13,68,23,98447
1,64,6,7,13,4,53569,37.1,87,21,0,1,48,1,76,5,12,17,7,63657,43.6,123,36,0,1,48,8,5,5,3,11094
3,82,22,30,52,15,81932,67.5,201,64,1,1,58,3,80,24,24,48,14,74288,67.6,167,66,0,2,58,51,-9,35,16,81613
2,64,6,18,24,-1,55513,68.6,108,36,0,4,45,2,70,12,23,35,7,62821,57.4,113,33,1,1,45,18,-5,12,6,44125
2,24,5,1,6,0,15387,120.0,39,10,0,0,50,2,78,8,18,26,0,51220,72.2,127,38,1,6,50,14,-20,8,6,50536
3,82,7,16,23,3,63531,59.0,99,34,0,6,58,3,82,7,12,19,9,63592,61.3,95,21,0,2,58,35,10,21,14,74828
0,68,7,11,18,-10,55630,78.3,111,43,0,1,51,0,73,7,5,12,-11,45998,63.2,81,20,0,0,48,17,-11,8,9,51687
2,76,6,13,19,4,62544,73.1,101,28,1,1,58,2,72,12,13,25,15,55793,78.1,82,31,0,2,58,23,5,17,6,65940
1,4,0,0,0,0,1711,0.0,1,2,0,0,53,1,34,0,4,4,-1,20136,40.0,24,7,0,0,53,4,-1,3,1,12809
2,1,0,0,0,0,786,0.0,2,0,0,0,44,2,60,8,9,17,-21,46269,65.4,105,40,0,2,44,32,-6,13,19,56813
3,60,8,15,23,-16,51198,67.6,127,28,0,4,39,3,40,3,6,9,-3,25553,52.9,35,17,0,1,52,16,2,7,9,37717
1,82,5,42,47,-4,98213,61.0,160,79,0,2,47,1,82,5,36,41,-6,108436,51.3,178,84,1,3,40,56,7,48,8,120486
0,1,0,2,2,4,1011,66.7,3,1,0,0,44,0,70,8,16,24,-17,60093,75.0,83,25,0,2,44,25,-3,17,8,59497
1,22,0,2,2,-5,22351,22.2,18,10,0,0,36,1,56,0,10,10,-20,63960,38.5,61,40,0,2,36,20,4,13,7,89929
0,74,14,28,42,3,88144,66.7,111,37,0,2,44,0,80,14,31,45,-8,94682,58.4,126,34,0,1,44,26,-8,14,12,67692
2,82,13,37,50,-15,95499,73.5,214,76,1,5,38,2,82,17,51,68,15,97008,73.9,195,59,0,3,38,56,1,45,11,95924
0,81,21,30,51,-2,86315,77.3,184,73,0,8,48,0,56,14,23,37,9,57362,58.7,119,60,1,2,47,47,-23,20,27,77609
3,81,26,35,61,2,89796,70.1,166,63,0,9,47,3,80,15,44,59,15,90378,68.6,189,56,2,3,47,53,-10,37,16,90836
2,71,13,10,23,-4,66367,62.2,158,72,1,3,42,2,79,22,25,47,34,72455,68.1,172,69,0,4,42,64,8,31,33,83448
